listingUrl,displayAddress,price,propertySubType,propertyImage,detailedDescription,sizeFt,sizeAc,postalCode,brochureUrl,agentCompanyName,agentName,agentCity,agentEmail,agentPhone,agentStreet,agentPostcode,tenure,saleType,date,status
https://www.snellers.com/property/Platts-Eyot-Unit-502-Lower-Sunbury-Road-Hampton-TW12-2HF?Location=&QueryLocation=&Type=&QueryType=&Tenure=&QueryTenure=&MinSize=&MaxSize=,"Platts Eyot, Unit 502, Lower Sunbury Road, Hampton, TW12 2HF",,Industrial / Light Industrial,"['https://www.snellers.com/Images/Properties/1351/Resize/Platts-Eyot-cover.jpg', 'https://www.snellers.com/Images/Properties/1351/Resize/PlattsEyot-Twitter.jpg', 'https://www.snellers.com/Images/Properties/1351/Resize/IMG-7727.jpeg', 'https://www.snellers.com/Images/Properties/1351/Resize/IMG-4751.jpg', 'https://www.snellers.com/Images/Properties/1351/Resize/IMG-4748.jpg', 'https://www.snellers.com/Images/Properties/1351/Resize/Car-Park.jpg']","Platts Eyot offers a variety of light industrial,
storage, office and studio units with varying
specifications. The units are suitable for a
variety of commercial uses and tenants
currently include designers, industrial uses as
well as traditional moorings and boat related
uses. There is unallocated parking on Lower
Sunbury Road with footbridge access to the
island.",1776.0,,TW12 2HF,"['https://www.snellers.com/Images/Properties/1351/Floorplan/Unit 502 - lease plan ground floor part unit 502.pdf', 'https://www.snellers.com/Images/Properties/1351/Particulars/Platts Eyot - Unit 502.pdf']",Snellers,,,,,,,,To Let,2026-02-19,New
https://www.snellers.com/property/1-Hampton-Hill-Business-Park-Hampton-Hill-Middlesex-TW12-1NR?Location=&QueryLocation=&Type=&QueryType=&Tenure=&QueryTenure=&MinSize=&MaxSize=,"1 Hampton Hill Business Park, Hampton Hill, TW12 1NR",,Office,"['https://www.snellers.com/Images/Properties/1102/Resize/IMG-6290.jpg', 'https://www.snellers.com/Images/Properties/1102/Resize/IMG-0197.jpg', 'https://www.snellers.com/Images/Properties/1102/Resize/IMG-0189.jpg', 'https://www.snellers.com/Images/Properties/1102/Resize/IMG-0191.jpg', 'https://www.snellers.com/Images/Properties/1102/Resize/IMG-0196.jpg']",The property comprises a two storey business unit offering primarily open plan accommodation over ground and first floors. AMENITIES Loading door Security shutters Electric heating WC and separate shower Allocated Parking,1257.0,,TW12 1NR,['https://www.snellers.com/Images/Properties/1102/Particulars/1 Hampton Hill Business Park.pdf'],Snellers,,,,,,,,To Let,2026-02-19,New
https://www.snellers.com/property/5-6-Central-Parade-Surbiton-KT6-4PJ?Location=&QueryLocation=&Type=&QueryType=&Tenure=&QueryTenure=&MinSize=&MaxSize=,"5-6 Central Parade, Surbiton, KT6 4PJ",,Retail / E Use Class,"['https://www.snellers.com/Images/Properties/1178/Resize/IMG-1200.jpg', 'https://www.snellers.com/Images/Properties/1178/Resize/IMG-3192.jpg']","The property comprises a ground floor
double fronted former restaurant with
kitchen area, rear stores, male & female
customer WC’s plus staff WC. There is a
cold store and large storage areas to the
rear and rear access to a service road.
The property will be offered in a shell
condition ready for a tenants fit out.",1944.0,,KT6 4PJ,"['https://www.snellers.com/Images/Properties/1178/Brochure/Central Parade 5 - 6, Surbiton.pdf']",Snellers,,,,,,,,,2026-02-19,New
https://www.snellers.com/property/Unit-6-60-High-Street-Hampton-Wick-KT1-4DB?Location=&QueryLocation=&Type=&QueryType=&Tenure=&QueryTenure=&MinSize=&MaxSize=,"Unit 6, 60 High Street, Hampton Wick, KT1 4DB",,Office / Industrial / Workshop / Storage Unit,"['https://www.snellers.com/Images/Properties/1342/Resize/IMG-3835.jpg', 'https://www.snellers.com/Images/Properties/1342/Resize/Car-park-edited-number-plate.jpg', 'https://www.snellers.com/Images/Properties/1342/Resize/WhatsApp-Image-2026-02-11-at-093541-1.jpeg', 'https://www.snellers.com/Images/Properties/1342/Resize/WhatsApp-Image-2026-02-11-at-093541-2.jpeg', 'https://www.snellers.com/Images/Properties/1342/Resize/WhatsApp-Image-2026-02-11-at-093541-4.jpeg', 'https://www.snellers.com/Images/Properties/1342/Resize/WhatsApp-Image-2026-02-11-at-093541.jpeg']","The property comprises a self-contained
business unit with first floor office and
under eaves storage. The unit benefits from
UPVC windows and double loading doors
with roller shutter. There is shared use of
male & female WC’s within the courtyard. The premises also benefit from an allocated
parking bay.",423.0,,KT1 4DB,"['https://www.snellers.com/Images/Properties/1342/Particulars/60 High Street, Hampton Wick - Unit 6.pdf']",Snellers,,,,,,,,To Let,2026-02-19,New
https://www.snellers.com/property/Queen-Anne-House-15-Thames-Street-Hampton-Middlesex-TW12-2EW?Location=&QueryLocation=&Type=&QueryType=&Tenure=&QueryTenure=&MinSize=&MaxSize=,"Queen Anne House, 15 Thames Street, Hampton, TW12 2EW",,Office / E Use Class,"['https://www.snellers.com/Images/Properties/977/Resize/Front.jpg', 'https://www.snellers.com/Images/Properties/977/Resize/Rear.jpg', 'https://www.snellers.com/Images/Properties/977/Resize/Queen-Anne-House-Room-5.jpg']","Attractive Grade II listed building dating from circa 1702 and restored and refurbished to a high standard. There is one office suite currently available, Suite 11.  Previously set up as a private clinic’s consulting rooms, but suitable for a variety of other uses.  The building is arranged as a total of 11 rooms, plus kitchenette, 2 WC’s and parking.",80.0,,TW12 2EW,[],Snellers,,,,,,,,To Let,2026-02-19,New
https://www.snellers.com/property/Unit-2-Teddington-Business-Park-Station-Road-Teddington-TW11-9BQ?Location=&QueryLocation=&Type=&QueryType=&Tenure=&QueryTenure=&MinSize=&MaxSize=,"Unit 2, Teddington Business Park, Station Road, Teddington, TW11 9BQ",,Investment,"['https://www.snellers.com/Images/Properties/1341/Resize/P1-Unit-2.jpg', 'https://www.snellers.com/Images/Properties/1341/Resize/P2-Unit-2.jpg']","The premises comprises a warehouse unit
constructed in the mid 1980’s of portal frame
with blockwork walls under a pitched roof. The warehouse has roller shutter loading
doors and benefits from ancillary offices at the
front the building on ground and first floors. Eaves height of approximately 4.7 metres.",5813.0,,TW11 9BQ,['https://www.snellers.com/Images/Properties/1341/Brochure/2 Teddington Business Park - Unit 2.pdf'],Snellers,,,,,,,Leasehold,,2026-02-19,New
https://www.snellers.com/property/417-Upper-Richmond-Road-West-26a26b-Colston-Road-East-Sheen-SW14-7PJ?Location=&QueryLocation=&Type=&QueryType=&Tenure=&QueryTenure=&MinSize=&MaxSize=,"417 Upper Richmond Road West , & 26a/26b Colston Road, East Sheen, SW14 7PJ",,Investment,"['https://www.snellers.com/Images/Properties/1352/Resize/exterior1.jpg', 'https://www.snellers.com/Images/Properties/1352/Resize/FFF-26-Colston-Road-02.jpg', 'https://www.snellers.com/Images/Properties/1352/Resize/FFF-26-Colston-Road-03.jpg', 'https://www.snellers.com/Images/Properties/1352/Resize/FFF-26-Colston-Road-05.jpg', 'https://www.snellers.com/Images/Properties/1352/Resize/rear-exterior.jpg', 'https://www.snellers.com/Images/Properties/1352/Resize/SFF-26-Colston-Road-01.jpg', 'https://www.snellers.com/Images/Properties/1352/Resize/SFF-26-Colston-Road-03.jpg', 'https://www.snellers.com/Images/Properties/1352/Resize/SFF-26-Colston-Road-04.jpg', 'https://www.snellers.com/Images/Properties/1352/Resize/Rear-of-flats-garden.jpg', 'https://www.snellers.com/Images/Properties/1352/Resize/20260128-1137592.jpg']","The Property comprises a ground floor shop unit together
with a 1 bed flat and a 2/3 bed maisonette above both of
which are separately accessed from Colston Road to the
rear. The building was extended from a two
-floor residential unit
into a three
-floor one and the works were completed in
March 2020. At that time, a new floor was created in the
roof space
, allowing 26b to become a maisonette. The whole residential area was renovated including a new
roof, renovated flat roof terrace, all plumbing, electrical
and gas cooking and heating, the exterior and interior
doors, bathroom suites, fitted kitchen units and kitchen
equipment. The windows were also replaced and the soundproofing
between the floors upgraded. The ground floor commercial wiring was upgraded to 3
phase. We are instructed to seek offers in excess of £1,250,000 which
reflects a Net Initial Yield of 6.15% after purchaser's costs of
6.8%.",2417.0,,SW14 7PJ,['https://www.snellers.com/Images/Properties/1352/Brochure/417 Upper Richmond Road West & 26a & 26b Colston Road.pdf'],Snellers,,,,,,,Freehold,,2026-02-19,New
https://www.snellers.com/property/UK-House-First-Floor-Suite-82-Heath-Road-Twickenham-TW1-4BW?Location=&QueryLocation=&Type=&QueryType=&Tenure=&QueryTenure=&MinSize=&MaxSize=,"UK House - First Floor Suite, 82 Heath Road, Twickenham, TW1 4BW",,Office,"['https://www.snellers.com/Images/Properties/1339/Resize/External.jpg', 'https://www.snellers.com/Images/Properties/1339/Resize/IMG-3787.jpg', 'https://www.snellers.com/Images/Properties/1339/Resize/UK-House-Ph10.jpg', 'https://www.snellers.com/Images/Properties/1339/Resize/UK-House-Ph14.jpg', 'https://www.snellers.com/Images/Properties/1339/Resize/UK-House-Ph1.jpg', 'https://www.snellers.com/Images/Properties/1339/Resize/UK-House-Ph6.jpg', 'https://www.snellers.com/Images/Properties/1339/Resize/UK-House-Ph8.jpg']",The last remaining suite is located on the first floor of this modern four storey commercial building with an attractive entrance reception.  The offices have been recently redecorated and provide modern air-conditioned open plan space with demountable partitioning to create a separate meeting room and kitchen/staff area.  The suite can be leased as a whole or as two smaller suites.,818.0,,TW1 4BW,"['https://www.snellers.com/Images/Properties/1339/Floorplan/6721_GA_1F.pdf', 'https://www.snellers.com/Images/Properties/1339/Brochure/UK House, Twickenham - first floor.pdf', 'https://www.snellers.com/Images/Properties/1339/Floorplan/6721_GA_1F_2.pdf']",Snellers,,,,,,,,To Let,2026-02-19,New
https://www.snellers.com/property/Millennium-House-Eden-Street-Kingston-upon-Thames-Surrey-KT1-1BL?Location=&QueryLocation=&Type=&QueryType=&Tenure=&QueryTenure=&MinSize=&MaxSize=,"Millennium House, Eden Street, Kingston upon Thames, KT1 1BL",,Office,"['https://www.snellers.com/Images/Properties/741/Resize/Main.jpg', 'https://www.snellers.com/Images/Properties/741/Resize/IMG-5175.jpg', 'https://www.snellers.com/Images/Properties/741/Resize/IMG-5176.jpg', 'https://www.snellers.com/Images/Properties/741/Resize/1.jpg', 'https://www.snellers.com/Images/Properties/741/Resize/2.jpg', 'https://www.snellers.com/Images/Properties/741/Resize/3.jpg']",Millennium House offers modern flexible office accommodation. There are a range of different suites available as set out below.,1040.0,,KT1 1BL,"['https://www.snellers.com/Images/Properties/741/Brochure/Millennium House, Eden Street. Kingston.pdf']",Snellers,,,,,,,,To Let,2026-02-19,New
https://www.snellers.com/property/The-Boathouse-Unit-2-Swan-Island-Strawberry-Vale-Twickenham-TW1-4RY?Location=&QueryLocation=&Type=&QueryType=&Tenure=&QueryTenure=&MinSize=&MaxSize=,"The Boathouse, Unit 2, Swan Island, Strawberry Vale, Twickenham, TW1 4RY",,Office / Workshop,['https://www.snellers.com/Images/Properties/1348/Resize/Picture-Unit-2.jpg'],"The business unit is currently partitioned
to provide a workshop and office area. The office benefits from a suspended
ceiling and carpeting. To the front
workshop there is a loading door with
electric roller shutter. There is use of shared WC and shower
facilities and one parking space on site.",659.0,,TW1 4RY,['https://www.snellers.com/Images/Properties/1348/Particulars/Swan Island - Unit 2 - The Boathouse.pdf'],Snellers,,,,,,,,To Let,2026-02-19,New
https://www.snellers.com/property/King-Edwards-Recreation-Ground-Surbiton-KT9-1PL?Location=&QueryLocation=&Type=&QueryType=&Tenure=&QueryTenure=&MinSize=&MaxSize=,"King Edwards Recreation Ground, Surbiton, KT9 1PL",,Retail / Other / E Use Class,"['https://www.snellers.com/Images/Properties/1269/Resize/Screenshot-Satellite-2.png', 'https://www.snellers.com/Images/Properties/1269/Resize/IMG-1691.jpg', 'https://www.snellers.com/Images/Properties/1269/Resize/Floor-map.png', 'https://www.snellers.com/Images/Properties/1269/Resize/IMG-1686.jpg']","The property comprises the former public
convenience block that can be refurbished and
reconfigured to provide a coffee shop or similar
offering, serving the users of the park.",413.0,,KT9 1PL,"['https://www.snellers.com/Images/Properties/1269/Brochure/King Edwards Recreation Ground, Surbiton..pdf']",Snellers,,,,,,,,,2026-02-19,New
https://www.snellers.com/property/Platts-Eyot-Unit-14-Suite-2-Lower-Sunbury-Road-Hampton-TW12-2HF?Location=&QueryLocation=&Type=&QueryType=&Tenure=&QueryTenure=&MinSize=&MaxSize=,"Platts Eyot - Unit 14, Suite 2, Lower Sunbury Road, Hampton, TW12 2HF",,Office / Industrial / Workshop,"['https://www.snellers.com/Images/Properties/1332/Resize/WhatsApp-Image-2025-08-22-at-134545-67f80286.jpg', 'https://www.snellers.com/Images/Properties/1332/Resize/Platts-Eyot-cover.jpg', 'https://www.snellers.com/Images/Properties/1332/Resize/IMG-7727.jpeg', 'https://www.snellers.com/Images/Properties/1332/Resize/IMG-4751.jpg', 'https://www.snellers.com/Images/Properties/1332/Resize/IMG-20251204-WA0003.jpg', 'https://www.snellers.com/Images/Properties/1332/Resize/IMG-20251204-WA0004.jpg', 'https://www.snellers.com/Images/Properties/1332/Resize/IMG-20251204-WA0006.jpg', 'https://www.snellers.com/Images/Properties/1332/Resize/IMG-20251204-WA0007.jpg', 'https://www.snellers.com/Images/Properties/1332/Resize/IMG-20251204-WA0001.jpg']","Platts Eyot offers a variety of light industrial,
storage, office and studio units with varying
specifications. The units are suitable for a
variety of commercial uses and tenants
currently include designers, industrial uses as
well as traditional moorings and boat related
uses.
There is unallocated parking on Lower
Sunbury Road with footbridge access to the
island.",600.0,,TW12 2HF,['https://www.snellers.com/Images/Properties/1332/Particulars/Platts Eyot - Unit 14 - Suite 2.pdf'],Snellers,,,,,,,,To Let,2026-02-19,New
https://www.snellers.com/property/Platts-Eyot-Lower-Sunbury-Road-Hampton-Middlesex-TW12-2HF?Location=&QueryLocation=&Type=&QueryType=&Tenure=&QueryTenure=&MinSize=&MaxSize=,"Platts Eyot, Lower Sunbury Road, Hampton, TW12 2HF",,Office / Industrial / Light Industrial / Workshop,"['https://www.snellers.com/Images/Properties/859/Resize/IMG-4750.jpg', 'https://www.snellers.com/Images/Properties/859/Resize/IMG-4751.jpg', 'https://www.snellers.com/Images/Properties/859/Resize/IMG-4752.jpg', 'https://www.snellers.com/Images/Properties/859/Resize/IMG-7727.jpeg', 'https://www.snellers.com/Images/Properties/859/Resize/Platts-Eyot-cover.jpg', 'https://www.snellers.com/Images/Properties/859/Resize/Unit-14-Platts-Eyot.jpg']","Platts Eyot offers a variety of light
industrial, storage, office and studio units with varying specifications.  The units are suitable for a variety of commercial uses and tenants currently include designers, industrial uses as well as traditional
moorings and boat related uses.
There is unallocated parking on Lower Sunbury Road with footbridge access to the island.",600.0,,TW12 2HF,['https://www.snellers.com/Images/Properties/859/Particulars/Platts Eyott - all units. Hampton.pdf'],Snellers,,,,,,,,To Let,2026-02-19,New
https://www.snellers.com/property/14-16-Eden-Street-Kingston-Upon-Thames-KT1-1BB?Location=&QueryLocation=&Type=&QueryType=&Tenure=&QueryTenure=&MinSize=&MaxSize=,"14-16 Eden Street, Kingston Upon Thames, KT1 1BB",,Retail,"['https://www.snellers.com/Images/Properties/1321/Resize/IMG-3435.jpg', 'https://www.snellers.com/Images/Properties/1321/Resize/IMG-3220.jpg']","The property comprises the ground floor of a
mid terrace 3 storey building. The property currently operates as a
furniture showroom and benefits from an
open plan trading area with glass frontage,
suspended ceiling, AC units (not tested).
laminate flooring and two WC’s, one
providing disabled access. There is rear
access to a service road and there is an on
street loading bay to the front.",1638.0,,KT1 1BB,['https://www.snellers.com/Images/Properties/1321/Particulars/14-16 Eden Street_Kingston.pdf'],Snellers,,,,,,,,To Let,2026-02-19,New
https://www.snellers.com/property/Unit-1-Teddington-Business-Park-Station-Road-Teddington-TW11-9BQ?Location=&QueryLocation=&Type=&QueryType=&Tenure=&QueryTenure=&MinSize=&MaxSize=,"Unit 1, Teddington Business Park, Station Road, Teddington, TW11 9BQ",450000,Industrial,"['https://www.snellers.com/Images/Properties/1334/Resize/1-Teddington-BP-Exterior-A-Unit-1.jpg', 'https://www.snellers.com/Images/Properties/1334/Resize/TBP-Sign.jpg', 'https://www.snellers.com/Images/Properties/1334/Resize/IMG-2006-internal.jpg', 'https://www.snellers.com/Images/Properties/1334/Resize/IMG-2007-internal.jpg', 'https://www.snellers.com/Images/Properties/1334/Resize/IMG-2009-internal-office.jpg', 'https://www.snellers.com/Images/Properties/1334/Resize/IMG-2010-internal-office.jpg', 'https://www.snellers.com/Images/Properties/1334/Resize/IMG-2011-internal-office.jpg', 'https://www.snellers.com/Images/Properties/1334/Resize/IMG-2012-internal-office.jpg']","The premises comprises a warehouse unit constructed
in the mid 1980’s of portal frame with blockwork walls
under a pitched roof.
The warehouse has roller shutter loading doors and
benefits from ancillary offices at the front the building
on ground and first floors.
Eaves height of approximately 4.7 metres. The unit is let to AMC Express Ltd on a 10 Year Lease from
01/05/2023 with a Mutual Break option 01/05/29.
Current Rent of £47,500 per annum. With annual
£2,500 pa uplifts in Years 3, 4 and 5.",4303.0,,TW11 9BQ,['https://www.snellers.com/Images/Properties/1334/Particulars/1 Teddington Bus Park_Unit 1.pdf'],Snellers,,,,,,,Leasehold,For Sale,2026-02-19,New
https://www.snellers.com/property/483-Upper-Richmond-Road-West-East-Sheen-London-SW14-7PU?Location=&QueryLocation=&Type=&QueryType=&Tenure=&QueryTenure=&MinSize=&MaxSize=,"483 Upper Richmond Road West, East Sheen, SW14 7PU",,Retail,['https://www.snellers.com/Images/Properties/1345/Resize/Blurred-Pedestrian.jpg'],"The property comprises a lock up retail
premises with character shop front.
Internally there is a WC and rear access to a
small enclosed rear yard.",404.0,,SW14 7PU,['https://www.snellers.com/Images/Properties/1345/Particulars/483 Upper Richmond Road West.pdf'],Snellers,,,,,,,,To Let,2026-02-19,New
https://www.snellers.com/property/3-Hampton-Hill-Business-Park-Hampton-Hill-TW12-1NR?Location=&QueryLocation=&Type=&QueryType=&Tenure=&QueryTenure=&MinSize=&MaxSize=,"3 Hampton Hill Business Park , Hampton Hill, TW12 1NR",,Office,"['https://www.snellers.com/Images/Properties/1185/Resize/IMG-1434.jpg', 'https://www.snellers.com/Images/Properties/1185/Resize/IMG-1425.jpg', 'https://www.snellers.com/Images/Properties/1185/Resize/IMG-1426.jpg']","The property comprises a two storey
business unit within an attractive business
park. AMENITIES • Male and female WC/DDA compliant • Fitted kitchen • Security alarm • Electric heaters • Double loading doors • Security shutters • Allocated Parking",1338.0,,TW12 1NR,['https://www.snellers.com/Images/Properties/1185/Particulars/3 Hampton Hill Business Park.pdf'],Snellers,,,,,,,,To Let,2026-02-19,New
https://www.snellers.com/property/82-84-High-Street-Hampton-Hill-TW12-1NY?Location=&QueryLocation=&Type=&QueryType=&Tenure=&QueryTenure=&MinSize=&MaxSize=,"82 - 84 High Street, Hampton Hill, TW12 1NY",650000,Retail / Investment,['https://www.snellers.com/Images/Properties/1349/Resize/IMG-3118.jpg'],"The property comprises two ground floor
retail units within a mixed use development.
No. 82 is occupied by Little Bears Play café.
No. 84 is occupied by Corals bookmakers.",2892.0,,TW12 1NY,"['https://www.snellers.com/Images/Properties/1349/Particulars/82 - 84 High Street, Hampton Hill.pdf']",Snellers,,,,,,,Leasehold,For Sale,2026-02-19,New
https://www.snellers.com/property/7-Teddington-Business-Park-Station-Road-Teddington-TW11-9BQ?Location=&QueryLocation=&Type=&QueryType=&Tenure=&QueryTenure=&MinSize=&MaxSize=,"7 Teddington Business Park , Station Road, Teddington, TW11 9BQ",,Office / Industrial / Investment,"['https://www.snellers.com/Images/Properties/1311/Resize/IMG-7360.jpg', 'https://www.snellers.com/Images/Properties/1311/Resize/IMG-7364.jpg', 'https://www.snellers.com/Images/Properties/1311/Resize/IMG-7225.jpg', 'https://www.snellers.com/Images/Properties/1311/Resize/IMG-7211.jpg']","The property comprises a semi-detached business unit with
light industrial/storage on the ground floor and first floor offices. The ground floor has double loading doors and WC. There is a loading/parking area to the side of the property as
well as the ability to park 1 or 2 cars at the front of the property.",857.0,,TW11 9BQ,['https://www.snellers.com/Images/Properties/1311/Particulars/7 Teddington Business Park.pdf'],Snellers,,,,,,,Leasehold,For Sale,2026-02-19,New
https://www.snellers.com/property/Garage-14-Shaef-Way-Teddington-TW11-0DG?Location=&QueryLocation=&Type=&QueryType=&Tenure=&QueryTenure=&MinSize=&MaxSize=,"Garage 14, Shaef Way, Teddington, TW11 0DG",30000,Other,"['https://www.snellers.com/Images/Properties/1347/Resize/IMG-3933.jpg', 'https://www.snellers.com/Images/Properties/1347/Resize/IMG-3968.jpg', 'https://www.snellers.com/Images/Properties/1347/Resize/IMG-3929.jpg']","The property is offered with vacant possession and new 125 year lease. Offers in the region of £30,000.",,,TW11 0DG,"['https://www.snellers.com/Images/Properties/1347/Particulars/Shaef Way, Garage 14, Teddington.pdf']",Snellers,,,,,,,,For Sale,2026-02-19,New
https://www.snellers.com/property/6-8-Thames-Street-First-Floor-Kingston-Upon-Thames-KT1-1PE?Location=&QueryLocation=&Type=&QueryType=&Tenure=&QueryTenure=&MinSize=&MaxSize=,"6-8 Thames Street, First Floor, Kingston Upon Thames, KT1 1PE",,Office / E Use Class,"['https://www.snellers.com/Images/Properties/1324/Resize/IMG-3541.jpg', 'https://www.snellers.com/Images/Properties/1324/Resize/IMG-3553.jpg', 'https://www.snellers.com/Images/Properties/1324/Resize/IMG-3548.jpg']","The premises are located on the first floor,
accessed via independent access from
Thames Street. The building has been fully refurbished and the full height windows provide a
bright working environment in the town centre
with an excellent opportunity for prominent
window branding if required. The suite benefits
from an attractive high ceiling, laminate floor,
AC unit and alarm. A variety of uses
considered within Class E.",953.0,,KT1 1PE,"['https://www.snellers.com/Images/Properties/1324/Brochure/6 - 8 Thames Street, first floor, Kingston upon Thames.pdf']",Snellers,,,,,,,,To Let,2026-02-19,New
https://www.snellers.com/property/Latchmere-Recreation-Ground-Latchmere-Road-Kingston-Upon-Thames-KT2-5TT?Location=&QueryLocation=&Type=&QueryType=&Tenure=&QueryTenure=&MinSize=&MaxSize=,"Latchmere Recreation Ground, Latchmere Road, Kingston Upon Thames, KT2 5TT",,Retail / E Use Class,"['https://www.snellers.com/Images/Properties/1346/Resize/Latchmere-Rec.jpg', 'https://www.snellers.com/Images/Properties/1346/Resize/IMG-3796.jpg', 'https://www.snellers.com/Images/Properties/1346/Resize/IMG-3795.jpg', 'https://www.snellers.com/Images/Properties/1346/Resize/Latchmere-Recreation-Ground-geograph-2547315.jpg']","The property comprises an existing coffee kiosk and
public convenience block that can be reconfigured to
provide a larger coffee shop or similar offering, serving
the users of the park. The landlords require that a WC
facility is available for all members of the public during
the business operating hours.",475.0,,KT2 5TT,"['https://www.snellers.com/Images/Properties/1346/Particulars/Latchmere Recreation Ground, Kingston.pdf']",Snellers,,,,,,,,To Let,2026-02-19,New
https://www.snellers.com/property/The-Old-Exchange-Basement-Suite-Wimbledon-SW19-7QD?Location=&QueryLocation=&Type=&QueryType=&Tenure=&QueryTenure=&MinSize=&MaxSize=,"The Old Exchange, Basement Suite, Wimbledon, SW19 7QD",,Office,"['https://www.snellers.com/Images/Properties/1222/Resize/DSC06489.jpg', 'https://www.snellers.com/Images/Properties/1222/Resize/IMG-0458.jpg', 'https://www.snellers.com/Images/Properties/1222/Resize/IMG-0459.jpg']","The available suite is situated on the lower
ground floor. The suite has been
refurbished to a high standard to provide
two interconnected offices. There are
shared male and female WC’s.
Access to the offices are via the main
reception area and there is a car park to
the side of the property where spaces may
be available by separate arrangement at
£1,200 per space per annum.",505.0,,SW19 7QD,"['https://www.snellers.com/Images/Properties/1222/Particulars/The Old Exchange 12 Compton Road, Wimbledon - Front Basement suite.pdf']",Snellers,,,,,,,,To Let,2026-02-19,New
https://www.snellers.com/property/The-OId-Exchange-12-Compton-Road-Wimbledon-London-SW19-7QD?Location=&QueryLocation=&Type=&QueryType=&Tenure=&QueryTenure=&MinSize=&MaxSize=,"The OId Exchange, 12 Compton Road, Wimbledon, SW19 7QD",,Office,"['https://www.snellers.com/Images/Properties/978/Resize/DSC06489Incentives.jpg', 'https://www.snellers.com/Images/Properties/978/Resize/IMG-0444.jpg', 'https://www.snellers.com/Images/Properties/978/Resize/IMG-1058.jpg', 'https://www.snellers.com/Images/Properties/978/Resize/IMG-0453.jpg']","The available suite is situated on the lower ground floor.  The suite has been refurbished to a high standard to provide open plan accommodation and kitchenette. There are shared male and female WC’s.
Access to the offices are via the main reception area and there is a car park to the side of the property where spaces may be available by separate arrangement at £1200 per space per annum.",1306.0,,SW19 7QD,"['https://www.snellers.com/Images/Properties/978/Particulars/The Old Exchange 12 Compton Road, Wimbledon - Front Basement suite.pdf']",Snellers,,,,,,,,To Let,2026-02-19,New
https://www.snellers.com/property/Canbury-Business-Park-Elm-Crescent-Kingston-upon-Thames-KT2-6HL?Location=&QueryLocation=&Type=&QueryType=&Tenure=&QueryTenure=&MinSize=&MaxSize=,"Canbury Business Park, Elm Crescent, Kingston upon Thames, KT2 6HL",,Office / Other,"['https://www.snellers.com/Images/Properties/1244/Resize/1-CBP-U8.jpeg', 'https://www.snellers.com/Images/Properties/1244/Resize/2-CBP-U8.jpeg', 'https://www.snellers.com/Images/Properties/1244/Resize/3-CBP-U8.jpeg', 'https://www.snellers.com/Images/Properties/1244/Resize/4-CBP-U8.jpeg', 'https://www.snellers.com/Images/Properties/1244/Resize/5-CBP-U8.jpeg', 'https://www.snellers.com/Images/Properties/1244/Resize/6-CBP-U8.jpeg', 'https://www.snellers.com/Images/Properties/1244/Resize/7-CBP-U8.jpeg', 'https://www.snellers.com/Images/Properties/1244/Resize/8-CBP-U8.jpeg', 'https://www.snellers.com/Images/Properties/1244/Resize/9-CBP-U8.jpeg']",Two-storey business units have a striking mirrored glassed facade and providing very flexible open plan accommodation fitted principally as offices but which could be easily adapted to production/studio/storage use in any combination required by an occupier.,1250.0,,KT2 6HL,['https://www.snellers.com/Images/Properties/1244/Particulars/Canbury Business Park_Kingston.pdf'],Snellers,,,,,,,,To Let,2026-02-19,New
https://www.snellers.com/property/6a-Staines-Road-Twickenham-TW2-5AH?Location=&QueryLocation=&Type=&QueryType=&Tenure=&QueryTenure=&MinSize=&MaxSize=,"6a Staines Road, Twickenham, TW2 5AH",,Office / E Use Class,"['https://www.snellers.com/Images/Properties/1297/Resize/IMG-2945.jpg', 'https://www.snellers.com/Images/Properties/1297/Resize/IMG-2937.jpg', 'https://www.snellers.com/Images/Properties/1297/Resize/IMG-2938.jpg', 'https://www.snellers.com/Images/Properties/1297/Resize/IMG-2936.jpg']","The property is accessed via a passageway to the side of 6 Staines Road and
currently operates as a physio practice. The premises provide a front reception
area, 3 treatment rooms, large studio
space, shower room and two WC’s, one
with disabled access. Internal partitions
can be removed to accommodate
alternative requirements. The property is in good decorative order
and benefits from raised floors and gas
central heating.",1315.0,,TW2 5AH,"['https://www.snellers.com/Images/Properties/1297/Particulars/6a Staines Road, Twickenham.pdf']",Snellers,,,,,,,,To Let,2026-02-19,New
https://www.snellers.com/property/67-Grove-Avenue-Twickenham-TW1-4HX?Location=&QueryLocation=&Type=&QueryType=&Tenure=&QueryTenure=&MinSize=&MaxSize=,"67 Grove Avenue, Twickenham, TW1 4HX",250000,Office / E Use Class,"['https://www.snellers.com/Images/Properties/1152/Resize/pic-9.jpg', 'https://www.snellers.com/Images/Properties/1152/Resize/pic-7.jpg', 'https://www.snellers.com/Images/Properties/1152/Resize/pic1.jpg']","The building is semi-detached and benefits
from excellent light. Adjoining properties
have residential use. AMENITIES · Gas central heating · Spotlight lighting · Floor coverings · Double Glazing · Kitchenette · WC · Power points and phone lines",287.0,,TW1 4HX,"['https://www.snellers.com/Images/Properties/1152/Particulars/67 Grove Avenue, Twickenham - for sale.pdf']",Snellers,,,,,,,Freehold,For Sale,2026-02-19,New
https://www.snellers.com/property/6-Park-Road-Hampton-Hill-Middlesex-TW12-1HA?Location=&QueryLocation=&Type=&QueryType=&Tenure=&QueryTenure=&MinSize=&MaxSize=,"6 Park Road, Hampton Hill, TW12 1HA",,Office / E Use Class,"['https://www.snellers.com/Images/Properties/952/Resize/6-Park-Road-Hampton-Hill.jpg', 'https://www.snellers.com/Images/Properties/952/Resize/IMG-6515.jpg', 'https://www.snellers.com/Images/Properties/952/Resize/IMG-6516.jpg', 'https://www.snellers.com/Images/Properties/952/Resize/IMG-6517.jpg', 'https://www.snellers.com/Images/Properties/952/Resize/IMG-6519.jpg']","This elegant period building is mainly open plan with some glass partitioned offices and board room with sliding partition doors on the ground floor.  There is access from the board room to a private garden area.  There male and female WC facilities on the ground and first floors and the second floor has a fully fitted shower room.
The offices benefit from carpeting, video entry, security alarm and floor boxes for power and phone lines. FREEHOLD A sale of the freehold may be considered
with further details upon request.",3195.0,,TW12 1HA,"['https://www.snellers.com/Images/Properties/952/Floorplan/Lease plan - 6 Park Road Hampton Hill Richmond Upon Thames TW12 1HB.pdf', 'https://www.snellers.com/Images/Properties/952/Particulars/6 Park Road, Hampton Hill.pdf']",Snellers,,,,,,,Freehold,For Sale,2026-02-19,New
https://www.snellers.com/property/55B-Park-Road-Kingston-Upon-Thames-Surrey-KT2-6DB?Location=&QueryLocation=&Type=&QueryType=&Tenure=&QueryTenure=&MinSize=&MaxSize=,"55B Park Road, Kingston Upon Thames, KT2 6DB",250000,Industrial,"['https://www.snellers.com/Images/Properties/1253/Resize/1-Park-Road-55b-03.jpg', 'https://www.snellers.com/Images/Properties/1253/Resize/2-Interior2.jpg', 'https://www.snellers.com/Images/Properties/1253/Resize/3-Park-Road-55b-04.jpg', 'https://www.snellers.com/Images/Properties/1253/Resize/4-Interior3.jpg', 'https://www.snellers.com/Images/Properties/1253/Resize/5-Interior1.jpg', 'https://www.snellers.com/Images/Properties/1253/Resize/6-Park-Road-55b-02.jpg', 'https://www.snellers.com/Images/Properties/1253/Resize/7-Park-Road-55b-06.jpg', 'https://www.snellers.com/Images/Properties/1253/Resize/8-Park-Road-55b-01.jpg', 'https://www.snellers.com/Images/Properties/1253/Resize/9-Park-Road-55b-05.jpg', 'https://www.snellers.com/Images/Properties/1253/Resize/10-Park-Road-55b-07.jpg']","The property comprises a single storey self-contained storage unit of brick and blockwork construction interconnecting with a single storey ""Marley-style"" pre-fabricated concrete section double garage under a recently re-covered flat roof section and pitched roof. Adjoining the garage is a WC and a very small enclosed external yard. All mains services are connected to the building including electricity, water and gas. There is a gas-fired central heating boiler, which has not been tested. There is virtually no natural light to the premises. Access is via a double door leading to a sloping ramp into the property. The driveway leading from Park Road is not held within the freehold title; however, there are vehicular rights of access in perpetuity and the right to park on the driveway during week days between 8.30 am and 6.30 pm.",866.0,,KT2 6DB,"['https://www.snellers.com/Images/Properties/1253/EPC/Park Road 55B_EPC (1 Page).pdf', 'https://www.snellers.com/Images/Properties/1253/Particulars/Park Road 55B.pdf']",Snellers,,,,,,,Freehold,For Sale,2026-02-19,New
https://www.snellers.com/property/4-Mount-Mews-First-Floor-Hampton-Middlesex-TW12-2SH?Location=&QueryLocation=&Type=&QueryType=&Tenure=&QueryTenure=&MinSize=&MaxSize=,"4 Mount Mews, First Floor, Hampton, TW12 2SH",,Office,"['https://www.snellers.com/Images/Properties/1285/Resize/Picture-041.jpg', 'https://www.snellers.com/Images/Properties/1285/Resize/Picture-060.jpg']","The available first floor office has fully
glazed partitioning creating a
contemporary environment, ideal for the
modern business. There is shared use of a fully fitted
kitchen on the first floor and male and
female WC’s on the ground floor. Parking may be available by separate
arrangement.",168.0,,TW12 2SH,"['https://www.snellers.com/Images/Properties/1285/Particulars/4 Mount Mews, Hampton - part first floor.pdf']",Snellers,,,,,,,,To Let,2026-02-19,New
https://www.snellers.com/property/16-Berrylands-Road-Surbiton-KT5-8RA?Location=&QueryLocation=&Type=&QueryType=&Tenure=&QueryTenure=&MinSize=&MaxSize=,"16 Berrylands Road, Surbiton, KT5 8RA",250000,Retail,"['https://www.snellers.com/Images/Properties/1335/Resize/IMG-3633.jpg', 'https://www.snellers.com/Images/Properties/1335/Resize/IMG-3645.jpg', 'https://www.snellers.com/Images/Properties/1335/Resize/IMG-3646.jpg', 'https://www.snellers.com/Images/Properties/1335/Resize/IMG-3651.jpg', 'https://www.snellers.com/Images/Properties/1335/Resize/IMG-3641.jpg', 'https://www.snellers.com/Images/Properties/1335/Resize/IMG-3639.jpg', 'https://www.snellers.com/Images/Properties/1335/Resize/IMG-3638.jpg']","The property comprises the ground floor
and basement of this character retail
premises. The premises are currently
vacant and benefits from wood flooring
throughout and a high ceiling (3.4m) to the
ground floor.
There is access to the basement with WC
facility and a head height of 1.85m.",619.0,,KT5 8RA,"['https://www.snellers.com/Images/Properties/1335/Particulars/16 Berrylands Road, Surbiton.pdf']",Snellers,,,,,,,,For Sale,2026-02-19,New
https://www.snellers.com/property/10-11-Crane-Mews-32-Gould-Road-Twickenham-Middlesex-TW2-6RS?Location=&QueryLocation=&Type=&QueryType=&Tenure=&QueryTenure=&MinSize=&MaxSize=,"10 & 11 Crane Mews, 32 Gould Road, Twickenham, TW2 6RS",695000,Investment,"['https://www.snellers.com/Images/Properties/1054/Resize/Courtyard.jpg', 'https://www.snellers.com/Images/Properties/1054/Resize/Front.jpg', 'https://www.snellers.com/Images/Properties/1054/Resize/Internal-Unit-10.jpg', 'https://www.snellers.com/Images/Properties/1054/Resize/Internal-Unit-11.jpg', 'https://www.snellers.com/Images/Properties/1054/Resize/River-view.jpg']","This investment opportunity comprises two
self contained mews offices, set over
ground and first floor levels providing open
plan office space with fitted kitchen areas
and disabled WC’s. The properties are presented in excellent
decorative condition with electric heating,
video entry, attractive exposed brickwork
and partial timber flooring. Although very similar, Unit 10 offers an allocated parking space, Juliet
Style balcony overlooking the River Crane,
while Unit 11 benefits from a small courtyard garden. One parking space allocated to Unit 10. Additional parking permits are available in the
surrounding roads. INCOME Unit 10 - £23,250 pa. Expiring 29/08/2026 Unit 11 - £19,000 pa. Expiring 29/08/2026",1500.0,,TW2 6RS,['https://www.snellers.com/Images/Properties/1054/Particulars/10 and 11 Crane Mews_Twickenham.pdf'],Snellers,,,,,,,,For Sale,2026-02-19,New
https://www.snellers.com/property/16-20-The-Causeway-Teddington-TW11-0HE2?Location=&QueryLocation=&Type=&QueryType=&Tenure=&QueryTenure=&MinSize=&MaxSize=,"16-20 The Causeway, Teddington, TW11 0HE",,Office,"['https://www.snellers.com/Images/Properties/1298/Resize/Teddington-Regus-External.png', 'https://www.snellers.com/Images/Properties/1298/Resize/Teddington-Regus-5.jpg', 'https://www.snellers.com/Images/Properties/1298/Resize/Teddington-Regus-6.jpg', 'https://www.snellers.com/Images/Properties/1298/Resize/Teddington-regus-7.jpg', 'https://www.snellers.com/Images/Properties/1298/Resize/Teddington-Regus-8.jpg', 'https://www.snellers.com/Images/Properties/1298/Resize/Teddington-Regus-1.jpg', 'https://www.snellers.com/Images/Properties/1298/Resize/Teddington-Regus-3.jpg']","Ground floor open plan office space with private meeting rooms, kitchen, breakout area, toilets & showers, exec offices and 36 desks. Fitted to a high standard and available on flexible terms.",4036.0,,TW11 0HE,[],Snellers,,,,,,,,To Let,2026-02-19,New
https://www.snellers.com/property/4-Hampton-Hill-Business-Park-High-Street-Hampton-Hill-TW12-1NR?Location=&QueryLocation=&Type=&QueryType=&Tenure=&QueryTenure=&MinSize=&MaxSize=,"4 Hampton Hill Business Park, High Street, Hampton Hill, TW12 1NR",,Office,"['https://www.snellers.com/Images/Properties/1340/Resize/IMG-3818.jpg', 'https://www.snellers.com/Images/Properties/1340/Resize/IMG-3817.jpg']","The property comprises a two storey
business unit within an attractive business
park. AMENITIES · Male and female WC/DDA compliant · Glass partitioned meeting room to first
floor · AC units (ground floor) · Fitted kitchenette · Electric heaters · Double loading doors · Security shutters · Allocated Parking",1473.0,,TW12 1NR,['https://www.snellers.com/Images/Properties/1340/Particulars/4 Hampton Hill Business Park.pdf'],Snellers,,,,,,,,To Let,2026-02-19,New
https://www.snellers.com/property/Kent-House-117-Walton-Road-East-Molesey-KT8-0DT1?Location=&QueryLocation=&Type=&QueryType=&Tenure=&QueryTenure=&MinSize=&MaxSize=,"Kent House, 117 Walton Road, East Molesey, KT8 0DT",,Office / Retail / Investment,"['https://www.snellers.com/Images/Properties/1338/Resize/20251006-101001.jpg', 'https://www.snellers.com/Images/Properties/1338/Resize/Slide1.jpg', 'https://www.snellers.com/Images/Properties/1338/Resize/20251006-101153.jpg']","Kent House is situated in a prominent corner position at the
junction of Walton Road and Kent Road and is arranged over
ground and first floors, whilst also benefitting from on-site
parking for 2 cars. The ground floor primarily contains a retail sales space with a
workshop, WC’s and kitchenette to the rear of the premise. The
first floor comprises office space and a consultancy room. EPC Rating is subject to request.",945.0,,KT8 0DT,['https://www.snellers.com/Images/Properties/1338/Particulars/Kent House_117WaltonRd_EastMolesey.pdf'],Snellers,,,,,,,Freehold,,2026-02-19,New
https://www.snellers.com/property/Barnard-Gardens-New-Malden-Surrey-KT3-6QG?Location=&QueryLocation=&Type=&QueryType=&Tenure=&QueryTenure=&MinSize=&MaxSize=,"Barnard Gardens, New Malden, KT3 6QG",300000,Development / Other / Investment,"['https://www.snellers.com/Images/Properties/1344/Resize/Southern-parcel.jpg', 'https://www.snellers.com/Images/Properties/1344/Resize/IMG-3695.jpg', 'https://www.snellers.com/Images/Properties/1344/Resize/IMG-3693.jpg', 'https://www.snellers.com/Images/Properties/1344/Resize/IMG-3680.jpg', 'https://www.snellers.com/Images/Properties/1344/Resize/Censored-number-plate.jpg', 'https://www.snellers.com/Images/Properties/1344/Resize/IMG-3681.jpg']","The property comprises two separate parcels of land with a total
of 26 garages. 14 of the garages have been sold off by way of a
long leasehold as shown in Schedule A. The leases for garages
11 and 4 include part of the “apron” or forecourt in front of the
garage, with rights of way granted to the Freeholder, and therefore
the users of the other garages. 3 of the garages are rented by way of a Licence agreement and 9
remain vacant as shown in Schedule B. GUIDE PRICE: Offers in excess of £300,000 The property comprises the Freehold land edged red on the Title Plan subject to 14 Long Leaseholds, details of which are contained in Schedule A. TOTAL RENT INCOME: Total Annual Ground Rents: £52 Total Annual Rent: £3,600",,,KT3 6QG,"['https://www.snellers.com/Images/Properties/1344/Particulars/Barnard Gardens, New Malden.pdf']",Snellers,,,,,,,Freehold,For Sale,2026-02-19,New
https://www.snellers.com/property/Neville-House-Eden-Street-Kingston-upon-Thames-Surrey-KT1-1BL?Location=&QueryLocation=&Type=&QueryType=&Tenure=&QueryTenure=&MinSize=&MaxSize=,"Neville House, Eden Street, Kingston upon Thames, KT1 1BL",,Office / E Use Class,"['https://www.snellers.com/Images/Properties/745/Resize/IMG-0061.jpg', 'https://www.snellers.com/Images/Properties/745/Resize/IMG-0057.jpg', 'https://www.snellers.com/Images/Properties/745/Resize/IMG-0058.jpg', 'https://www.snellers.com/Images/Properties/745/Resize/IMG-0060.jpg', 'https://www.snellers.com/Images/Properties/745/Resize/Neville-House-Sept-23.jpg']","Neville House offers modern flexible office
accommodation arranged over five floors with intercom entry and passenger lift.
Smaller suites may be considered, subject to terms to be agreed.",2021.0,,KT1 1BL,"['https://www.snellers.com/Images/Properties/745/Particulars/Neville House, Eden Street, Kingston.pdf']",Snellers,,,,,,,,To Let,2026-02-19,New
https://www.snellers.com/property/Cairns-House-10-Station-Road-Teddington-TW11-9BQ?Location=&QueryLocation=&Type=&QueryType=&Tenure=&QueryTenure=&MinSize=&MaxSize=,"Cairns House, 10 Station Road, Teddington, TW11 9BQ",2275000,Office / Investment,"['https://www.snellers.com/Images/Properties/1317/Resize/Front-particulars.jpg', 'https://www.snellers.com/Images/Properties/1317/Resize/IMG-7269-Copy-Copy.jpg', 'https://www.snellers.com/Images/Properties/1317/Resize/IMG-7272-Copy.jpg', 'https://www.snellers.com/Images/Properties/1317/Resize/IMG-7278-Copy-Copy.jpg', 'https://www.snellers.com/Images/Properties/1317/Resize/IMG-7299-Copy.jpg', 'https://www.snellers.com/Images/Properties/1317/Resize/IMG-7322-Copy.jpg', 'https://www.snellers.com/Images/Properties/1317/Resize/IMG-7327-Copy.jpg', 'https://www.snellers.com/Images/Properties/1317/Resize/IMG-7338.jpg', 'https://www.snellers.com/Images/Properties/1317/Resize/IMG-7328-Copy.jpg']","DESCRIPTION The property comprises a detached office
over Ground and First floors and totals
approximately 820 sq. m (8,825 sq. ft).
Both floors have been maintained
extremely well and the ground floor
(Heartwood Collection) was completely
refurbished and fitted out to a high
specification 2 years ago. There are 12
parking spaces. EXECUTIVE SUMMARY Long leasehold interest with approximately 83 years
unexpired. The Ground Floor is let to Heartwood Collection Limited on a
5 Year Lease from 15/08/2023 at a Current Rent of £116,000
per annum, which equates to £26 per sq. ft. The First Floor is let to OLM Systems Limited on a 10 year
lease from 11/08/2022 at a Current passing rent of £126,850
per annum, which equates to £29 per sq. ft. Total current passing rent of £242,850 per annum, exclusive
of VAT. Pricing: Offers in excess of £2,275,000, subject to
contract and exclusive of VAT. A purchase at this
level reflects a Net Initial Yield of 10%, assuming
standard purchaser’s costs of 6.8%.",8824.0,,TW11 9BQ,"['https://www.snellers.com/Images/Properties/1317/Particulars/Cairns House, 10 Station Road, Teddington.pdf']",Snellers,,,,,,,Leasehold,For Sale,2026-02-19,New
https://www.snellers.com/property/33-The-Quadrant-Richmond-Upon-Thames-TW9-1DN?Location=&QueryLocation=&Type=&QueryType=&Tenure=&QueryTenure=&MinSize=&MaxSize=,"33 The Quadrant, Richmond Upon Thames, TW9 1DN",,Retail / E Use Class,"['https://www.snellers.com/Images/Properties/1336/Resize/external.jpg', 'https://www.snellers.com/Images/Properties/1336/Resize/IMG-0528.jpg', 'https://www.snellers.com/Images/Properties/1336/Resize/street-view.jpg', 'https://www.snellers.com/Images/Properties/1336/Resize/IMG-0399.jpg', 'https://www.snellers.com/Images/Properties/1336/Resize/IMG-0407.jpg', 'https://www.snellers.com/Images/Properties/1336/Resize/IMG-0409.jpg']","The property comprises a ground floor
retail unit with rear store and WC. The retail area benefits from a fully glazed wooden shop front, suspended ceiling and air conditioning unit. There is a rear exit to an enclosed yard
area where there is ladder access to the
two upper floors.",1484.0,,TW9 1DN,"['https://www.snellers.com/Images/Properties/1336/Floorplan/Lease plan - 33 The Quadrant.pdf', 'https://www.snellers.com/Images/Properties/1336/Brochure/33 The Quadrant, Richmond.pdf']",Snellers,,,,,,,,To Let,2026-02-19,New
https://www.snellers.com/property/The-Griffin-Centre-Unit-7-Market-Place-Kingston-Upon-Thames-KT1-1JT?Location=&QueryLocation=&Type=&QueryType=&Tenure=&QueryTenure=&MinSize=&MaxSize=,"The Griffin Centre, Unit 7, Market Place, Kingston Upon Thames, KT1 1JT",,Retail / E Use Class,"['https://www.snellers.com/Images/Properties/1326/Resize/Picture2.jpg', 'https://www.snellers.com/Images/Properties/1326/Resize/Picture9.jpg', 'https://www.snellers.com/Images/Properties/1326/Resize/Picture10.jpg', 'https://www.snellers.com/Images/Properties/1326/Resize/Picture6.jpg', 'https://www.snellers.com/Images/Properties/1326/Resize/Picture13.jpg', 'https://www.snellers.com/Images/Properties/1326/Resize/Picture12.jpg', 'https://www.snellers.com/Images/Properties/1326/Resize/Picture11.jpg']","Unit 7 comprises the former Griffin Inn Assembly Rooms which have
been converted into a high end bar premises arranged over ground
and first floors with a first floor dining room.
The kitchens are situated at first floor level benefitting from a food
elevator. There is also an outside courtyard seating area
overlooking the Hogsmill River.
Other traders within the Griffin Centre and close by include Mimosa
coffee shop, Poor Boys restaurant and The Rose Theatre. Floor Plans: Available on request",3352.0,,KT1 1JT,"['https://www.snellers.com/Images/Properties/1326/Brochure/7 The Griffin Centre, Kingston.pdf']",Snellers,,,,,,,,,2026-02-19,New
https://www.snellers.com/property/11-Woodthorpe-Road-Ashford-TW15-2RL?Location=&QueryLocation=&Type=&QueryType=&Tenure=&QueryTenure=&MinSize=&MaxSize=,"11 Woodthorpe Road, Ashford, TW15 2RL",,Retail / Investment,"['https://www.snellers.com/Images/Properties/1265/Resize/IMG-2378.jpg', 'https://www.snellers.com/Images/Properties/1265/Resize/IMG-2362.jpg']","The property comprises a vacant ground
floor retail premises. There is rear access
to a shared courtyard, which also provides
access to the flat above. The property
benefits from a fully glazed aluminium shop
front with electric roller shutter.",1032.0,,TW15 2RL,['https://www.snellers.com/Images/Properties/1265/Brochure/11_Woodthorpe_Road_Ashford.pdf'],Snellers,,,,,,,,,2026-02-19,New
https://www.snellers.com/property/5-Hill-Rise-First-Floor-Richmond-Upon-Thames-TW10-6UQ?Location=&QueryLocation=&Type=&QueryType=&Tenure=&QueryTenure=&MinSize=&MaxSize=,"5 Hill Rise, First Floor , Richmond Upon Thames , TW10 6UQ",,Office,"['https://www.snellers.com/Images/Properties/1206/Resize/IMG-2045.jpg', 'https://www.snellers.com/Images/Properties/1206/Resize/office.jpg', 'https://www.snellers.com/Images/Properties/1206/Resize/5-hill-rise.jpg', 'https://www.snellers.com/Images/Properties/1206/Resize/Screenshot-map.png']","The available accommodation
comprises ground floor entrance with
first floor office accommodation. The
space has recently been refurbished
to provide an excellent quality office
suite • WC • Kitchenette • Comfort cooling and heating • Electric heaters • Spotlights • Phone entry system",508.0,,TW10 6UQ,"['https://www.snellers.com/Images/Properties/1206/Particulars/5 Hill Rise, first floor, Richmond.pdf']",Snellers,,,,,,,,To Let,2026-02-19,New
https://www.snellers.com/property/158-Stanley-Road-Teddington-TW11-8UD?Location=&QueryLocation=&Type=&QueryType=&Tenure=&QueryTenure=&MinSize=&MaxSize=,"158 Stanley Road, Teddington, TW11 8UD",,Retail / Development / Investment,"['https://www.snellers.com/Images/Properties/1279/Resize/158-Stanley-Road.jpg', 'https://www.snellers.com/Images/Properties/1279/Resize/IMG-2751.jpg', 'https://www.snellers.com/Images/Properties/1279/Resize/IMG-2797.jpg', 'https://www.snellers.com/Images/Properties/1279/Resize/IMG-2791.jpg', 'https://www.snellers.com/Images/Properties/1279/Resize/IMG-2789.jpg', 'https://www.snellers.com/Images/Properties/1279/Resize/IMG-2772.jpg', 'https://www.snellers.com/Images/Properties/1279/Resize/IMG-2770.jpg', 'https://www.snellers.com/Images/Properties/1279/Resize/IMG-2773.jpg', 'https://www.snellers.com/Images/Properties/1279/Resize/IMG-2776.jpg', 'https://www.snellers.com/Images/Properties/1279/Resize/IMG-2779.jpg', 'https://www.snellers.com/Images/Properties/1279/Resize/IMG-2783.jpg', 'https://www.snellers.com/Images/Properties/1279/Resize/IMG-2784.jpg', 'https://www.snellers.com/Images/Properties/1279/Resize/IMG-2793.jpg', 'https://www.snellers.com/Images/Properties/1279/Resize/IMG-2792.jpg']","The property comprises a retail shop with front
forecourt with a 2 bedroom flat above. The flat has
its own entrance from Stanley Road and is in need
of refurbishment. There is a further self contained 2
bedroom flat to the rear of the property. This is
accessed from Victor Road via an attractive
walkway. The rear flat is currently let on an AST. PLANNING The property has no planning for further
development, however we note that a large
percentage of the parade has been converted to residential and conversion may therefore be
possible subject to obtaining the necessary planning consent. Purchasers are advised to make their own enquiries with the planning department of the
London Borough of Richmond upon Thames.",1861.0,,TW11 8UD,"['https://www.snellers.com/Images/Properties/1279/Particulars/158 Stanley Road, Teddington.pdf']",Snellers,,,,,,,,,2026-02-19,New
https://www.snellers.com/property/Platts-Eyot-Unit-37D-Hampton-TW12-2HF?Location=&QueryLocation=&Type=&QueryType=&Tenure=&QueryTenure=&MinSize=&MaxSize=,"Platts Eyot - Unit 37D, Hampton, TW12 2HF",,Office / Industrial / Light Industrial / Workshop,"['https://www.snellers.com/Images/Properties/1333/Resize/IMG-4747.jpg', 'https://www.snellers.com/Images/Properties/1333/Resize/Platts-Eyot-cover.jpg', 'https://www.snellers.com/Images/Properties/1333/Resize/IMG-4751.jpg', 'https://www.snellers.com/Images/Properties/1333/Resize/Car-Park.jpg', 'https://www.snellers.com/Images/Properties/1333/Resize/WhatsApp-Image-2025-12-01-at-122938-11f492c8.jpg', 'https://www.snellers.com/Images/Properties/1333/Resize/WhatsApp-Image-2025-12-01-at-122938-46fc411c.jpg', 'https://www.snellers.com/Images/Properties/1333/Resize/WhatsApp-Image-2025-12-01-at-122938-82632740.jpg']","Platts Eyot offers a variety of light industrial,
storage, office and studio units with varying
specifications. The units are suitable for a
variety of commercial uses and tenants
currently include designers, industrial uses as
well as traditional moorings and boat related
uses. There is unallocated parking on Lower
Sunbury Road with footbridge access to the
island.",761.0,,TW12 2HF,['https://www.snellers.com/Images/Properties/1333/Brochure/Platts Eyot - Unit 37D - First floor.pdf'],Snellers,,,,,,,,To Let,2026-02-19,New
https://www.snellers.com/property/Wellington-House-209-217-High-Street-Hampton-Hill-Middlesex-TW12-1NP?Location=&QueryLocation=&Type=&QueryType=&Tenure=&QueryTenure=&MinSize=&MaxSize=,"Wellington House , 209-217 High Street, Hampton Hill, TW12 1NP",,Office,"['https://www.snellers.com/Images/Properties/1103/Resize/Front.jpg', 'https://www.snellers.com/Images/Properties/1103/Resize/Rear.jpg', 'https://www.snellers.com/Images/Properties/1103/Resize/IMG-0799.jpg', 'https://www.snellers.com/Images/Properties/1103/Resize/Picture1.png']","The property comprises an attractive three storey modern office building with a main central reception area which is also         accessible from the car parking area at the rear.
The offices are air conditioned, with raised floors, suspended ceilings with integral lighting and new carpeting. A passenger lift serves all floors and there are shared
kitchens and male/female WC’s and
showers on each floor.
The available accommodation comprises self contained suites on the ground and second floors.
The offices comprise a mix of open plan and some partitioned offices, which can be offered with the premises or alternatively can be removed or relocated internally as appropriate depending on an occupiers   requirements.
Car parking by separate arrangement.",886.0,,TW12 1NP,"['https://www.snellers.com/Images/Properties/1103/Particulars/Wellington House, Hampton Hill.pdf']",Snellers,,,,,,,,To Let,2026-02-19,New
https://www.snellers.com/property/39-Heath-Road-Twickenham-TW1-4AW?Location=&QueryLocation=&Type=&QueryType=&Tenure=&QueryTenure=&MinSize=&MaxSize=,"39 Heath Road, Twickenham, TW1 4AW",,Retail,"['https://www.snellers.com/Images/Properties/1322/Resize/FRONT-ELEVATION.jpg', 'https://www.snellers.com/Images/Properties/1322/Resize/IMG-3531.jpg', 'https://www.snellers.com/Images/Properties/1322/Resize/IMG-3540.jpg', 'https://www.snellers.com/Images/Properties/1322/Resize/IMG-3532.jpg', 'https://www.snellers.com/Images/Properties/1322/Resize/IMG-3534.jpg']","The property is presented in good
decorative order benefitting from a fully
tiled floor, AC unit (not tested), kitchenette
with electric water heater and two WC’s. The premises are currently partitioned to
provide a rear office and to the rear is a
lean to providing additional storage and bin
store.",812.0,,TW1 4AW,"['https://www.snellers.com/Images/Properties/1322/Particulars/39 Heath Road, Twickenham.pdf']",Snellers,,,,,,,,,2026-02-19,New
https://www.snellers.com/property/12-Castle-Business-Village-Station-Road-Hampton-TW12-2BX?Location=&QueryLocation=&Type=&QueryType=&Tenure=&QueryTenure=&MinSize=&MaxSize=,"12 Castle Business Village, Station Road, Hampton, TW12 2BX",,Office,"['https://www.snellers.com/Images/Properties/1232/Resize/IMG-2051.jpg', 'https://www.snellers.com/Images/Properties/1232/Resize/IMG-2057.jpg', 'https://www.snellers.com/Images/Properties/1232/Resize/IMG-2049.jpg', 'https://www.snellers.com/Images/Properties/1232/Resize/IMG-2054.jpg']","This attractive ground floor office is located
at the end of a terrace of mews offices
within a business park setting.
There is an open plan office benefitting
from an attractive glazed conservatory area
leading to a paved private garden/patio.
There are also two private offices. There maybe additional licenced parking on site with further details upon request.",1166.0,,TW12 2BX,"['https://www.snellers.com/Images/Properties/1232/Particulars/12 Castle Business Village, Hampton.pdf']",Snellers,,,,,,,,To Let,2026-02-19,New
https://www.snellers.com/property/11-Castle-Business-Village-Hampton-TW12-2BX?Location=&QueryLocation=&Type=&QueryType=&Tenure=&QueryTenure=&MinSize=&MaxSize=,"11 Castle Business Village, Hampton, TW12 2BX",,Office,"['https://www.snellers.com/Images/Properties/1150/Resize/IMG-1066.jpg', 'https://www.snellers.com/Images/Properties/1150/Resize/IMG-1061.jpg', 'https://www.snellers.com/Images/Properties/1150/Resize/IMG-1062.jpg', 'https://www.snellers.com/Images/Properties/1150/Resize/IMG-1063.jpg', 'https://www.snellers.com/Images/Properties/1150/Resize/IMG-1065.jpg']","The office is located on the first floor and provides a large open plan space and 4 partitioned private offices.  The office has been fully refurbished and there are male & female WC’s, shower and kitchenette.
There is additional parking on site with
further details upon request.",1377.0,,TW12 2BX,"['https://www.snellers.com/Images/Properties/1150/Particulars/11 Castle Business Village, Hampton.pdf']",Snellers,,,,,,,,To Let,2026-02-19,New
https://www.snellers.com/property/7-Castle-Business-Village-Station-Road-Hampton-TW12-2BX?Location=&QueryLocation=&Type=&QueryType=&Tenure=&QueryTenure=&MinSize=&MaxSize=,"7 Castle Business Village , Station Road, Hampton, TW12 2BX",,Office / E Use Class,"['https://www.snellers.com/Images/Properties/1096/Resize/IMG-6272.jpg', 'https://www.snellers.com/Images/Properties/1096/Resize/IMG-0857.jpg', 'https://www.snellers.com/Images/Properties/1096/Resize/IMG-0858.jpg', 'https://www.snellers.com/Images/Properties/1096/Resize/IMG-0859.jpg']","The premises are laid out over ground and first floor providing fully refurbished open plan accommodation and benefitting from male, female and disabled WC’s, shower, air conditioning, suspended ceilings with integral lighting and kitchenette.
There are 3 allocated parking spaces.
Further spaces are available at an
additional cost with further details upon
request.",2366.0,,TW12 2BX,"['https://www.snellers.com/Images/Properties/1096/Particulars/7 Castle Business Village, Hampton.pdf']",Snellers,,,,,,,,To Let,2026-02-19,New
https://www.snellers.com/property/6-Castle-Business-Village-Hampton-TW12-2BX?Location=&QueryLocation=&Type=&QueryType=&Tenure=&QueryTenure=&MinSize=&MaxSize=,"6 Castle Business Village, Hampton, TW12 2BX",,Office,['https://www.snellers.com/Images/Properties/1182/Resize/IMG-6269.jpg'],"The office is located on the ground floor
and provides an open plan area with one
glass partitioned office, male & female
WC’s and kitchenette. There is additional parking on site with
further details upon request.",1085.0,,TW12 2BX,"['https://www.snellers.com/Images/Properties/1182/Particulars/6 Castle Business Village, Hampton.pdf']",Snellers,,,,,,,,To Let,2026-02-19,New
https://www.snellers.com/property/4-Castle-Business-Village-Station-Road-Hampton-Middlesex-TW12-2BX1?Location=&QueryLocation=&Type=&QueryType=&Tenure=&QueryTenure=&MinSize=&MaxSize=,"4 Castle Business Village, Station Road, Hampton, TW12 2BX",,Office,"['https://www.snellers.com/Images/Properties/1108/Resize/IMG-0860.jpg', 'https://www.snellers.com/Images/Properties/1108/Resize/IMG-0328.jpg', 'https://www.snellers.com/Images/Properties/1108/Resize/IMG-0325.jpg']","This self contained suite is situated on the ground floor and fitted to a high standard to provide a main open plan area with partitioned office, male and female WC's, one providing disabled access and kitchenette. AMENITIES Comfort Cooling Carpeting Fire Alarm Car Parking",849.0,,TW12 2BX,"['https://www.snellers.com/Images/Properties/1108/Particulars/4 Castle Business Village, Hampton.pdf']",Snellers,,,,,,,,To Let,2026-02-19,New
https://www.snellers.com/property/58-59-High-Street-Brentford-TW8-0AH?Location=&QueryLocation=&Type=&QueryType=&Tenure=&QueryTenure=&MinSize=&MaxSize=,"58 - 59 High Street, Brentford, TW8 0AH",,Office / E Use Class,['https://www.snellers.com/Images/Properties/1303/Resize/front.jpg'],"The property comprises a self contained
three storey building previously occupied
by the Local Authority as council offices. The property requires full refurbishment but
benefits from a passenger lift to all floors,
DDA compliant WC on the ground floor and
3 further WC’s on the first floor. There is
also a kitchen area on the ground floor and
access to an enclosed private garden. The property could be suitable for a variety
of uses within Class E",2511.0,,TW8 0AH,"['https://www.snellers.com/Images/Properties/1303/Brochure/58 - 59 High Street, Brentford.pdf', 'https://www.snellers.com/Images/Properties/1303/Floorplan/Floor plans.pdf']",Snellers,,,,,,,,,2026-02-19,New
https://www.snellers.com/property/1-3-Vicarage-Road-Hampton-Wick-Surrey-KT1-4EB?Location=&QueryLocation=&Type=&QueryType=&Tenure=&QueryTenure=&MinSize=&MaxSize=,"1-3 Vicarage Road, Hampton Wick, KT1 4EB",,Industrial,"['https://www.snellers.com/Images/Properties/1245/Resize/DJI-0623.jpg', 'https://www.snellers.com/Images/Properties/1245/Resize/Screenshot-3.png', 'https://www.snellers.com/Images/Properties/1245/Resize/DSC-0809.jpg', 'https://www.snellers.com/Images/Properties/1245/Resize/DSC-0833.jpg', 'https://www.snellers.com/Images/Properties/1245/Resize/DSC-0866.jpg', 'https://www.snellers.com/Images/Properties/1245/Resize/DSC-0875.jpg']","The building comprises a light industrial building of 12,554 sq.ft. including a two-storey office building of load bearing cavity wall construction with internal
concrete floors with a flat roof over. This links directly into the main factory area which is a single storey building built in 2 phases and constructed of load
bearing solid masonry walls with a double pitched profiled metal sheet roof over. The ground floor is of cast concrete construction with a painted finish. There are
2 roller shutter doors. The unit is arranged around a secured central yard area and benefits from 6 car spaces. The site area is 0.38 acres. PLANNING The property is situated within the London Borough of Richmond. It is
not within a conservation area. It is subject to an Article 4 Direction. The property benefits from a Certificate of Lawful Use or
Development for use as Class E Commercial Business and Service
Uses including nursery, educational, place of worship, storage plus
potential for other uses including residential and or mixed-use subject
to the necessary consents. RENT £10 per sq ft. The property can be
split in parts to suit occupation. VAT The property is not VAT registered.",1500.0,,KT1 4EB,"['https://www.snellers.com/Images/Properties/1245/Brochure/1-3 Vicarage Road, Hampton Wick.pdf']",Snellers,,,,,,,Leasehold,To Let,2026-02-19,New
https://www.snellers.com/property/9-Apple-Market-Kingston-Upon-Thames-KT1-1JE?Location=&QueryLocation=&Type=&QueryType=&Tenure=&QueryTenure=&MinSize=&MaxSize=,"9 Apple Market, Kingston Upon Thames, KT1 1JE",,Retail,"['https://www.snellers.com/Images/Properties/1304/Resize/front-elevation.jpg', 'https://www.snellers.com/Images/Properties/1304/Resize/IMG-3221.jpg']","The property comprises a ground floor retail
unit with corner return. There is access to the first floor which
provides a WC and storage space with
restricted head height.",842.0,,KT1 1JE,"['https://www.snellers.com/Images/Properties/1304/Particulars/9 Apple Market, Kingston.pdf']",Snellers,,,,,,,,,2026-02-19,New
https://www.snellers.com/property/1010a-Church-Road-Ashford-Middlesex-TW15-2UT?Location=&QueryLocation=&Type=&QueryType=&Tenure=&QueryTenure=&MinSize=&MaxSize=,"10/10a Church Road, Ashford, TW15 2UT",,Retail / Investment,['https://www.snellers.com/Images/Properties/1231/Resize/Front.jpg'],"The property consists of a ground floor retail space with external WC and storage. First floor residential flat with independent access from the rear. There are 2 parking spaces at the rear, one each for the shop and the residential flat above.",560.0,,TW15 2UT,"['https://www.snellers.com/Images/Properties/1231/Particulars/10_10a Church Road, Ashford.pdf']",Snellers,,,,,,,Freehold,,2026-02-19,New
https://www.snellers.com/property/3-Ferry-Road-Teddington-TW11-9NN?Location=&QueryLocation=&Type=&QueryType=&Tenure=&QueryTenure=&MinSize=&MaxSize=,"3 Ferry Road, Teddington , TW11 9NN",,Investment,"['https://www.snellers.com/Images/Properties/1228/Resize/IMG-2060.jpg', 'https://www.snellers.com/Images/Properties/1228/Resize/IMG-2076.jpg', 'https://www.snellers.com/Images/Properties/1228/Resize/2072.jpg', 'https://www.snellers.com/Images/Properties/1228/Resize/IMG-2070.jpg', 'https://www.snellers.com/Images/Properties/1228/Resize/IMG-2075.jpg', 'https://www.snellers.com/Images/Properties/1228/Resize/IMG-2063.jpg']","The property comprises a semi detached
period building laid out over 4 floors with
front garden and large garden to the rear. There are a total of 4 flats. The ground
floor flat (Flat 1) has its own independent
access from the side of the property and
provides scope to convert to 2 bedrooms.
The 3 remaining flats have a communal
entrance with shared hall and staircase. The property is well maintained and
presented in good repair benefitting from
gas central heating, fitted kitchens and
bathrooms and UPVC windows.",,,TW11 9NN,"['https://www.snellers.com/Images/Properties/1228/Particulars/3 Ferry Road, Teddington.pdf']",Snellers,,,,,,,,,2026-02-19,New
https://www.snellers.com/property/Epic-House-128-Fulwell-Road-Teddington-TW11-0RQ?Location=&QueryLocation=&Type=&QueryType=&Tenure=&QueryTenure=&MinSize=&MaxSize=,"Epic House, 128 Fulwell Road, Teddington, TW11 0RQ",,Office,"['https://www.snellers.com/Images/Properties/1072/Resize/IMG-1212.jpg', 'https://www.snellers.com/Images/Properties/1072/Resize/IMG-1207.jpg', 'https://www.snellers.com/Images/Properties/1072/Resize/IMG-1208.jpg', 'https://www.snellers.com/Images/Properties/1072/Resize/IMG-1206.jpg']","This modern office block provides an excellent range of executive office accommodation. The offices are extremely versatile with regard to layout and are pleasantly decorated. Low voltage lights are
used throughout the offices and there are
high speed internet links. Security is a
key feature of these offices, as each unit
has colour video entry access controls. Teddington is a popular destination for
businesses who want to be close to London, yet enjoy a more relaxed lifestyle.
With wide open spaces of parkland within
easy walking distance, the working environment is very desirable.",133.0,,TW11 0RQ,"['https://www.snellers.com/Images/Properties/1072/Particulars/Epic House, Fulwell Road, Teddington.pdf']",Snellers,,,,,,,,To Let,2026-02-19,New
https://www.snellers.com/property/6-Church-Road-Teddington-TW11-8PB?Location=&QueryLocation=&Type=&QueryType=&Tenure=&QueryTenure=&MinSize=&MaxSize=,"6 Church Road, Teddington, TW11 8PB",,Retail / Investment,"['https://www.snellers.com/Images/Properties/1319/Resize/IMG-3354.jpg', 'https://www.snellers.com/Images/Properties/1319/Resize/IMG-3379.jpg', 'https://www.snellers.com/Images/Properties/1319/Resize/IMG-3356.jpg', 'https://www.snellers.com/Images/Properties/1319/Resize/IMG-3357.jpg', 'https://www.snellers.com/Images/Properties/1319/Resize/IMG-3360.jpg', 'https://www.snellers.com/Images/Properties/1319/Resize/IMG-3365.jpg', 'https://www.snellers.com/Images/Properties/1319/Resize/IMG-3367.jpg', 'https://www.snellers.com/Images/Properties/1319/Resize/IMG-3383.jpg', 'https://www.snellers.com/Images/Properties/1319/Resize/IMG-3391.jpg', 'https://www.snellers.com/Images/Properties/1319/Resize/IMG-3393.jpg', 'https://www.snellers.com/Images/Properties/1319/Resize/IMG-3400.jpg']","The property comprises a ground floor retail
unit currently operating as a successful
health and beauty business, Vidatherapy.
The premises are in good decorative order
and benefits from rear access to a garden
as well as a front forecourt. There is separate independent access to a
residential flat on the first floor comprising
kitchen/living area, bedroom and large
bathroom. The kitchen and bathroom are
fully fitted and there is gas central heating
and attractive high ceilngs.",,,TW11 8PB,"['https://www.snellers.com/Images/Properties/1319/Particulars/6 Church Road, Teddington.pdf', 'https://www.snellers.com/Images/Properties/1319/Floorplan/Lease plan - ground floor 6 Church Road.pdf']",Snellers,,,,,,,Freehold,,2026-02-19,New
https://www.snellers.com/property/7-High-Street-Hampton-Hill-TW12-1NB?Location=&QueryLocation=&Type=&QueryType=&Tenure=&QueryTenure=&MinSize=&MaxSize=,"7 High Street, Hampton Hill, TW12 1NB",,Industrial / Workshop / Storage Unit,"['https://www.snellers.com/Images/Properties/1318/Resize/IMG-3473.jpg', 'https://www.snellers.com/Images/Properties/1318/Resize/IMG-3467.jpg', 'https://www.snellers.com/Images/Properties/1318/Resize/IMG-3460.jpg', 'https://www.snellers.com/Images/Properties/1318/Resize/IMG-3471.jpg']","The property comprises an industrial
workshop/storage building with concrete
flooring, 3 phase power, kitchenette area
and WC. Externally there are two further
storage containers, with electricity supply
and two small sheds providing additional
storage. The site is gated and provides
parking for 2 – 3 vehicles.",1248.0,,TW12 1NB,"['https://www.snellers.com/Images/Properties/1318/Particulars/7 High Street, Hampton Hill.pdf']",Snellers,,,,,,,,,2026-02-19,New
https://www.snellers.com/property/9-10-Central-Parade-Feltham-TW14-0DH?Location=&QueryLocation=&Type=&QueryType=&Tenure=&QueryTenure=&MinSize=&MaxSize=,"9 - 10 Central Parade, Feltham, TW14 0DH",,Retail,"['https://www.snellers.com/Images/Properties/1290/Resize/external-photo.jpg', 'https://www.snellers.com/Images/Properties/1290/Resize/IMG-2929.jpg', 'https://www.snellers.com/Images/Properties/1290/Resize/IMG-2920.jpg', 'https://www.snellers.com/Images/Properties/1290/Resize/IMG-2921.jpg', 'https://www.snellers.com/Images/Properties/1290/Resize/IMG-2916.jpg', 'https://www.snellers.com/Images/Properties/1290/Resize/IMG-2922.jpg']","The property comprises two adjoining retail
units. No. 10 is currently partitioned to
provide a number of meeting rooms,
although this can be removed to provide
an open plan unit with rear storage and
fitted kitchen. No. 9 is open plan with 4 WC’s, 2 of which
are DDA compliant. Both units are offered in good decorative
condition and benefit from electric roller
shutters to the front and rear, gas central
heating and AC units.",518.0,,TW14 0DH,"['https://www.snellers.com/Images/Properties/1290/Brochure/9-10 Central Parade, Feltham.pdf']",Snellers,,,,,,,,,2026-02-19,New
https://www.snellers.com/property/Princes-Works-Industrial-Estate-Teddington-TW11-0RW?Location=&QueryLocation=&Type=&QueryType=&Tenure=&QueryTenure=&MinSize=&MaxSize=,"Princes Works Industrial Estate, Teddington, TW11 0RW",,Industrial / Light Industrial,"['https://www.snellers.com/Images/Properties/1327/Resize/Main-without.jpg', 'https://www.snellers.com/Images/Properties/1327/Resize/20250822-153816.jpg', 'https://www.snellers.com/Images/Properties/1327/Resize/Internals-1.jpg', 'https://www.snellers.com/Images/Properties/1327/Resize/Internals-2.jpg', 'https://www.snellers.com/Images/Properties/1327/Resize/Internals-3.jpg', 'https://www.snellers.com/Images/Properties/1327/Resize/Internals-4.jpg']","The subject properties comprise newly refurbished
ground floor warehouse units with brick elevations under
skillion sheet metal roofs. The units can either be taken
individually or combined, to create a large 8,818 sq ft
self-contained unit. The estate is surrounded by a perimeter fence and
secure gate. The estate benefits from having
undergone a rolling refurbishment programme over
the last 18 months to include the following: Overclad of existing roofs. Resurfacing of entire yard area. Replacement of boundary fencing and gates.",2425.0,,TW11 0RW,['https://www.snellers.com/Images/Properties/1327/Brochure/Princes Works Industrial Estate.pdf'],Snellers,,,,,,,,To Let,2026-02-19,New
https://www.snellers.com/property/242A-Canbury-Park-Road-Kingston-upon-Thames-KT2-6LG?Location=&QueryLocation=&Type=&QueryType=&Tenure=&QueryTenure=&MinSize=&MaxSize=,"242A Canbury Park Road, Kingston upon Thames, KT2 6LG",,Office,"['https://www.snellers.com/Images/Properties/1246/Resize/1-IMG-1600.jpg', 'https://www.snellers.com/Images/Properties/1246/Resize/2-IMG-1598.jpg']",The accommodation comprises a self-contained open plan first floor office above a vehicle repair workshop.,388.0,,KT2 6LG,"['https://www.snellers.com/Images/Properties/1246/EPC/Canbury Park Road 242a_1st Floor_EPC.pdf', 'https://www.snellers.com/Images/Properties/1246/Brochure/242A Canbury Park Road, Kingston.pdf']",Snellers,,,,,,,,To Let,2026-02-19,New
https://www.snellers.com/property/St-Georges-Industrial-Estate-Units-11-12-Richmond-Road-Kingston-upon-Thames-Gt-London-KT2-5BQ?Location=&QueryLocation=&Type=&QueryType=&Tenure=&QueryTenure=&MinSize=&MaxSize=,"St George's Industrial Estate, Units 11 & 12, Richmond Road, Kingston upon Thames, KT2 5BQ",,Industrial,"['https://www.snellers.com/Images/Properties/1263/Resize/1-1112-St-Georges-Front-Elevation-Photoshop-CGI-1-MR.jpg', 'https://www.snellers.com/Images/Properties/1263/Resize/2-1112-St-Georges-Aerial-Photo-RT-Photoshop-CGI-2-MR.jpg', 'https://www.snellers.com/Images/Properties/1263/Resize/3-St-Georges-Ground-Sept-24-24-RT-MR.jpg', 'https://www.snellers.com/Images/Properties/1263/Resize/4-1112-St-Georges-Aerial-Photo-RT-Photoshop-CGI-2-MR-1.jpg', 'https://www.snellers.com/Images/Properties/1263/Resize/5-St-Georges-Aerial-Sept-24-20-RT-MR.jpg']","The units are steel portal frame and block work construction with
profiled steel cladding with first floor offices. The units also benefit
from WC and kitchenette facilities. Externally each unit has a
dedicated loading bay & allocated parking with EV charging. The
units are accessed via an electric roller shutter door with additional
pedestrian access. Comprehensive refurbishment throughout including: PV panels,
PIR activated LED lighting, comfort cooling system, redecoration
to warehouse floor and internal elevations, new WC facilities and
staircases, yard area repairs, new roller shutter loading doors and
replacement of existing roof lights. The units have been fully refurbished and are ready for immediate occupation.",2489.0,,KT2 5BQ,['https://www.snellers.com/Images/Properties/1263/Brochure/St Georges IE Kingston Units 11-12 Brochure Mar25 v4.pdf'],Snellers,,,,,,,,To Let,2026-02-19,New
https://www.snellers.com/property/44-King-Street-Twickenham-TW1-3SH?Location=&QueryLocation=&Type=&QueryType=&Tenure=&QueryTenure=&MinSize=&MaxSize=,"44 King Street, Twickenham, TW1 3SH",,Retail,['https://www.snellers.com/Images/Properties/1314/Resize/Front-2025.jpg'],"The property comprises an open plan retail
unit with half glazed shop front. The property will be offered in a shell
condition with WC installed, connectivity to
gas, water and electricity, ready for a
tenant's fit out.",573.0,,TW1 3SH,"['https://www.snellers.com/Images/Properties/1314/Brochure/44 King Street, Twickenham.pdf']",Snellers,,,,,,,,,2026-02-19,New
https://www.snellers.com/property/87-Railway-Road-Teddington-TW11-8RZ?Location=&QueryLocation=&Type=&QueryType=&Tenure=&QueryTenure=&MinSize=&MaxSize=,"87 Railway Road, Teddington, TW11 8RZ",,Office,"['https://www.snellers.com/Images/Properties/1313/Resize/IMG-4340.jpg', 'https://www.snellers.com/Images/Properties/1313/Resize/IMG-4333.jpg', 'https://www.snellers.com/Images/Properties/1313/Resize/IMG-4337.jpg', 'https://www.snellers.com/Images/Properties/1313/Resize/IMG-4341.jpg']","The available offices are located on the
ground floor and part first floor of this fully
refurbished contemporary building. The
accommodation has been divided with
attractive glass partitions to provide three
open plan office suites, one being over
ground and first floor levels. The offices provide excellent natural light
via roof lights, shared use of a fitted kitchen
area and male and female WC’s.",309.0,,TW11 8RZ,"['https://www.snellers.com/Images/Properties/1313/Brochure/87 Railway Road, Teddington2.pdf']",Snellers,,,,,,,,To Let,2026-02-19,New
https://www.snellers.com/property/189-Waldegrave-Road-Teddington-TW11-8LX?Location=&QueryLocation=&Type=&QueryType=&Tenure=&QueryTenure=&MinSize=&MaxSize=,"189 Waldegrave Road, Teddington, TW11 8LX",1900000,Office / Retail / Industrial,"['https://www.snellers.com/Images/Properties/1283/Resize/1-IMG-5079.jpg', 'https://www.snellers.com/Images/Properties/1283/Resize/2-IMG-5091.jpg', 'https://www.snellers.com/Images/Properties/1283/Resize/3-IMG-5081.jpg', 'https://www.snellers.com/Images/Properties/1283/Resize/4-IMG-5082.jpg']","The property comprises an end of terrace retail premises with independent access to a 2 bedroom flat above. There is also a front forecourt and single garage to the rear. There is access at the side of the building leading to a single storey portal frame workshop, previously used as a car repair facility.  There is a also good sized yard area to the rear and a terrace of lock up garages.",,,TW11 8LX,"['https://www.snellers.com/Images/Properties/1283/Particulars/189 Waldegrave Road, Teddington.pdf']",Snellers,,,,,,,,For Sale,2026-02-19,New
https://www.snellers.com/property/Kopshop-6-Old-London-Road-Kingston-upon-Thames-Gt-London-KT2-6QF?Location=&QueryLocation=&Type=&QueryType=&Tenure=&QueryTenure=&MinSize=&MaxSize=,"Kopshop, 6 Old London Road, Kingston upon Thames, KT2 6QF",,Office,"['https://www.snellers.com/Images/Properties/1262/Resize/1-Outside6.jpg', 'https://www.snellers.com/Images/Properties/1262/Resize/2-Outside2.jpg', 'https://www.snellers.com/Images/Properties/1262/Resize/3-Extension9small.jpg', 'https://www.snellers.com/Images/Properties/1262/Resize/4-Extension6small.jpg', 'https://www.snellers.com/Images/Properties/1262/Resize/5-Reception2smalljpg.jpg', 'https://www.snellers.com/Images/Properties/1262/Resize/6-Interrogation2small.jpg', 'https://www.snellers.com/Images/Properties/1262/Resize/7-C8-1.jpg', 'https://www.snellers.com/Images/Properties/1262/Resize/8-C15-1small.jpg', 'https://www.snellers.com/Images/Properties/1262/Resize/9-C11-1small.jpg', 'https://www.snellers.com/Images/Properties/1262/Resize/10-C7-1small.jpg']","Contemporary office spaces furnished with modern, high-quality desks, Hermann Miller ergonomic chairs, phones & broadband internet connectivity. Stylish communal reception area, hi-spec designer boardroom, fully fitted kitchen/break-out area [with complimentary tea &coffee facilities]. Easy, fast-track move-in process.  Rents from £875 per calendar month, plus broadband/phones (all-inclusive UK and international calls).",126.0,,KT2 6QF,['https://www.snellers.com/Images/Properties/1262/Particulars/Kop Shop_Kingston.pdf'],Snellers,,,,,,,,To Let,2026-02-19,New
https://www.snellers.com/property/Arlington-Works-Arlington-Road-Twickenham-TW1-2BB1?Location=&QueryLocation=&Type=&QueryType=&Tenure=&QueryTenure=&MinSize=&MaxSize=,"Arlington Works, Arlington Road, Twickenham , TW1 2BB",,Industrial,"['https://www.snellers.com/Images/Properties/1306/Resize/Floor-map-with-lines.jpg', 'https://www.snellers.com/Images/Properties/1306/Resize/Aerial-View.jpg', 'https://www.snellers.com/Images/Properties/1306/Resize/IMG-3083.jpg', 'https://www.snellers.com/Images/Properties/1306/Resize/Pic-3.jpg', 'https://www.snellers.com/Images/Properties/1306/Resize/pic-1.jpg', 'https://www.snellers.com/Images/Properties/1306/Resize/IMG-3070.jpg', 'https://www.snellers.com/Images/Properties/1306/Resize/Pic-2.jpg', 'https://www.snellers.com/Images/Properties/1306/Resize/IMG-3066.jpg']","The site comprises a number of workshop
and storage buildings of varying sizes
available to let for a variety of uses. Parking is available on site.",92.0,,TW1 2BB,"['https://www.snellers.com/Images/Properties/1306/Brochure/Arlington Works, St. Margarets.pdf']",Snellers,,,,,,,,To Let,2026-02-19,New
https://www.snellers.com/property/Arlington-Works-Arlington-Road-Twickenham-TW1-2BB?Location=&QueryLocation=&Type=&QueryType=&Tenure=&QueryTenure=&MinSize=&MaxSize=,"Arlington Works, Arlington Road, Twickenham , TW1 2BB",2500000,Industrial / Investment / E Use Class,"['https://www.snellers.com/Images/Properties/1305/Resize/Floor-map-with-lines.jpg', 'https://www.snellers.com/Images/Properties/1305/Resize/Aerial-View.jpg', 'https://www.snellers.com/Images/Properties/1305/Resize/IMG-3083.jpg', 'https://www.snellers.com/Images/Properties/1305/Resize/pic-1.jpg', 'https://www.snellers.com/Images/Properties/1305/Resize/Pic-2.jpg', 'https://www.snellers.com/Images/Properties/1305/Resize/IMG-3070.jpg', 'https://www.snellers.com/Images/Properties/1305/Resize/Pic-3.jpg', 'https://www.snellers.com/Images/Properties/1305/Resize/IMG-3071.jpg', 'https://www.snellers.com/Images/Properties/1305/Resize/IMG-3074.jpg']","The site comprises a number of workshop
and storage buildings of varying sizes
available to let for a variety of uses.
Parking is available on site. PLANNING The site is not situated within a
conservation area although the two mews
buildings located within the southern area of
the site are designated as Buildings of
Townscape Merit. Part of the site is a designated waste use.",9389.0,,TW1 2BB,"['https://www.snellers.com/Images/Properties/1305/Brochure/Arlington Works, St. Margarets.pdf']",Snellers,,,,,,,,For Sale,2026-02-19,New
https://www.snellers.com/property/16-20-The-Causeway-Teddington-TW11-0HE1?Location=&QueryLocation=&Type=&QueryType=&Tenure=&QueryTenure=&MinSize=&MaxSize=,"16-20 The Causeway, , Teddington, TW11 0HE",,Office,"['https://www.snellers.com/Images/Properties/1225/Resize/16-20-The-Causeway.jpg', 'https://www.snellers.com/Images/Properties/1225/Resize/Teddington-Regus-1.jpg', 'https://www.snellers.com/Images/Properties/1225/Resize/Teddington-Regus-2.jpg', 'https://www.snellers.com/Images/Properties/1225/Resize/Teddington-Regus-3.jpg', 'https://www.snellers.com/Images/Properties/1225/Resize/Teddington-Regus-4.jpg', 'https://www.snellers.com/Images/Properties/1225/Resize/Teddington-Regus-5.jpg', 'https://www.snellers.com/Images/Properties/1225/Resize/Teddington-Regus-6.jpg', 'https://www.snellers.com/Images/Properties/1225/Resize/Teddington-Regus-8.jpg', 'https://www.snellers.com/Images/Properties/1225/Resize/Teddington-Regus-9.jpg', 'https://www.snellers.com/Images/Properties/1225/Resize/Teddington-regus-7.jpg']","Whether you’re a solo worker looking for a spot to work
while on the go, or a leader of a large team creating their success story,
The Causeway has everything you need. From open-plan workspaces perfect
for collaboration to private meeting rooms where you can discuss
confidential matters, our dynamic office space caters to all aspects of
your business. Break up a hard day at work with a break in our communal
kitchen area, fully stocked with hot and cold beverages and light
refreshments. Unwind, exercise or take a scenic stroll through
Teddington’s nearby green spaces after work.",35.0,,TW11 0HE,[],Snellers,,,,,,,,To Let,2026-02-19,New
https://www.snellers.com/property/81-83-Bedfont-Lane-Feltham-TW14-9BH?Location=&QueryLocation=&Type=&QueryType=&Tenure=&QueryTenure=&MinSize=&MaxSize=,"81 - 83 Bedfont Lane, Feltham, TW14 9BH",,Office / Other / E Use Class,"['https://www.snellers.com/Images/Properties/1280/Resize/81-83-Bedfont-Lane-front-elevation.jpg', 'https://www.snellers.com/Images/Properties/1280/Resize/rear-elevation.jpg']","The property is arranged over 3 floors and
is currently fitted for office use with a
number of partitioned offices. There are
male and female WC facilities on each floor
as well as a staff/kitchen area on the
ground floor. The property is in good decorative order
and benefits from UPVC windows with
security shutters, air conditioning, gas
central heating, a mixture of lino and carpet
flooring, perimeter trunking and security
alarm.",2351.0,,TW14 9BH,"['https://www.snellers.com/Images/Properties/1280/Particulars/Bedfont Lane 81 - 83, Feltham.pdf']",Snellers,,,,,,,,,2026-02-19,New
https://www.snellers.com/property/4850-Ashley-Road-Hampton-TW12-2JA?Location=&QueryLocation=&Type=&QueryType=&Tenure=&QueryTenure=&MinSize=&MaxSize=,"48/50 Ashley Road, Hampton, TW12 2JA",,Development / Investment,"['https://www.snellers.com/Images/Properties/1130/Resize/Front-Image.jpg', 'https://www.snellers.com/Images/Properties/1130/Resize/Site-Plan.jpg']",The site is currently used as a private surface car park with space for 6/8 vehicles. The site extends to approximately 0.2 acres.,1130.0,,TW12 2JA,"['https://www.snellers.com/Images/Properties/1130/Brochure/48_50 Ashley Road, Hampton, Car Park Site.xlsx.pdf']",Snellers,,,,,,,,,2026-02-19,New
https://www.snellers.com/property/100-Church-Road-Teddington-Middlesex-TW11-8QE?Location=&QueryLocation=&Type=&QueryType=&Tenure=&QueryTenure=&MinSize=&MaxSize=,"100 Church Road, Teddington, TW11 8QE",,Office / Development / Investment / E Use Class,"['https://www.snellers.com/Images/Properties/1157/Resize/IMG-0132.jpg', 'https://www.snellers.com/Images/Properties/1157/Resize/IMG-0128.jpg', 'https://www.snellers.com/Images/Properties/1157/Resize/IMG-0111.jpg', 'https://www.snellers.com/Images/Properties/1157/Resize/IMG-0053.jpg']","100 Church Road comprises a detached former warehouse building converted to office use with accommodation arranged over ground, first, second and third floors extending to 36,660 sq ft (3,352 sq m). The property was refurbished throughout in 2016/2017 to include carpet floor tiles and plastered and painted walls and ceilings with the exception of the ground floor which has a painted timber ceiling. The fit-out includes exposed services and air conditioning with a reception entrance and staff canteen on the ground floor. The core services include WC facilities on each floor, a staircase and a passenger lift at the front of the property.The property includes circa 40 car parking spaces surrounding the building and a secure ground floor garage predominantly used for bicycle storage. The first-floor accommodation wraps around a garden terrace providing outdoor space and allowing for good levels of natural light on the first, second and third floors. There is a further roof terrace on the third floor.",36660.0,,TW11 8QE,['https://www.snellers.com/Images/Properties/1157/Particulars/Final_Brochure_100ChurchRoad_Teddington (002).pdf'],Snellers,,,,,,,Freehold,,2026-02-19,New
https://www.snellers.com/property/Regal-House-London-Road-Twickenham-Middlesex-TW1-3QS?Location=&QueryLocation=&Type=&QueryType=&Tenure=&QueryTenure=&MinSize=&MaxSize=,"Regal House, London Road, Twickenham, TW1 3QS",,Office,"['https://www.snellers.com/Images/Properties/1037/Resize/Regal-House-Ext.jpg', 'https://www.snellers.com/Images/Properties/1037/Resize/twick.jpeg', 'https://www.snellers.com/Images/Properties/1037/Resize/twickmeeting.jpeg']",Regal House offers modern contemporary office space finished to a high standard within a landmark building.,43.0,,TW1 3QS,[],Snellers,,,,,,,,To Let,2026-02-19,New
https://www.snellers.com/property/Parkshot-House-Kew-Road-Richmond-Upon-Thames-Middlesex-TW9-2PR?Location=&QueryLocation=&Type=&QueryType=&Tenure=&QueryTenure=&MinSize=&MaxSize=,"Parkshot House, Kew Road, Richmond Upon Thames , TW9 2PR",,Office,"['https://www.snellers.com/Images/Properties/1068/Resize/RR-4-2.png', 'https://www.snellers.com/Images/Properties/1068/Resize/RR-2.png', 'https://www.snellers.com/Images/Properties/1068/Resize/RR-3.png', 'https://www.snellers.com/Images/Properties/1068/Resize/RR-1.png']","This newly developed Grade A office is sure to help build your corporate profile, as the space hosts modern lounges for you to talk business and impress your clients. Home to global organisations in pharmaceuticals, food and the film industry, your business will be welcomed with open arms in Parkshot House. Parking available by separate arrangement.",50.0,,TW9 2PR,[],Snellers,,,,,,,,To Let,2026-02-19,New
https://www.snellers.com/property/Parkshot-House-3-Kew-Road-Richmond-upon-Thames-TW9-2PR?Location=&QueryLocation=&Type=&QueryType=&Tenure=&QueryTenure=&MinSize=&MaxSize=,"Parkshot House 3, Kew Road, Richmond upon Thames, TW9 2PR",,Office,"['https://www.snellers.com/Images/Properties/1197/Resize/316-D.jpg', 'https://www.snellers.com/Images/Properties/1197/Resize/316-a.jpg', 'https://www.snellers.com/Images/Properties/1197/Resize/316-b.jpg', 'https://www.snellers.com/Images/Properties/1197/Resize/316-c.jpg']","This newly developed Grade A office is sure to help build your corporate profile, as the space hosts modern lounges for you to talk business and impress your clients. Home to global organisations in pharmaceuticals, food and the film industry, your business will be welcomed with open arms in Parkshot House.Parking available by separate arrangement.Manned reception.",893.0,,TW9 2PR,[],Snellers,,,,,,,,To Let,2026-02-19,New
https://www.snellers.com/property/Parkshot-House-2-Kew-Road-Richmond-upon-Thames-TW9-2PR?Location=&QueryLocation=&Type=&QueryType=&Tenure=&QueryTenure=&MinSize=&MaxSize=,"Parkshot House 2, Kew Road, Richmond upon Thames, TW9 2PR",,Office,"['https://www.snellers.com/Images/Properties/1196/Resize/G03-4-c.jpg', 'https://www.snellers.com/Images/Properties/1196/Resize/G03-4-d.jpg', 'https://www.snellers.com/Images/Properties/1196/Resize/G03-4-a.jpg', 'https://www.snellers.com/Images/Properties/1196/Resize/G03-4-b.jpg']","This newly developed Grade A office is sure to help build your corporate profile, as the space hosts modern lounges for you to talk business and impress your clients. Home to global organisations in pharmaceuticals, food and the film industry, your business will be welcomed with open arms in Parkshot House.Parking available by separate arrangement.Manned reception.",1500.0,,TW9 2PR,[],Snellers,,,,,,,,To Let,2026-02-19,New
https://www.snellers.com/property/First-Floor-Kingsway-Business-Park-Hampton-Middlesex-TW12-2HD?Location=&QueryLocation=&Type=&QueryType=&Tenure=&QueryTenure=&MinSize=&MaxSize=,"First Floor, Kingsway Business Park, Hampton, TW12 2HD",,Office,['https://www.snellers.com/Images/Properties/1055/Resize/F3-Kingsway-BP.jpg'],"The available office is located on the first floor to the front of this purpose built two storey building situated within a
landscaped business park setting.
The office is accessed via a communal front entrance leading to the first floor landing.   There is a shared WC on the first floor landing.  The office benefits from suspended ceiling with inset lighting, gas central heating and carpeting and there are 2 allocated parking spaces.",368.0,,TW12 2HD,['https://www.snellers.com/Images/Properties/1055/Particulars/Kingsway Business Park - Unit F3 - First Floor.pdf'],Snellers,,,,,,,,To Let,2026-02-19,New
https://www.snellers.com/property/2-4-Udney-Park-Road-Teddington-Middlesex-TW11-9BG?Location=&QueryLocation=&Type=&QueryType=&Tenure=&QueryTenure=&MinSize=&MaxSize=,"2 - 4 Udney Park Road, Teddington, TW11 9BG",,Industrial,"['https://www.snellers.com/Images/Properties/1012/Resize/Front.png', 'https://www.snellers.com/Images/Properties/1012/Resize/Site-Plan.png']","The site comprises a builders yard with covered storage, off street parking, office
accommodation with storage area below. There is also a separate block of residential
accommodation currently arranged as 2  No. 2 bedroom apartments. PLANNING · London Borough of Richmond upon Thames · PTAL Level 3 · Flood Zone 1 (Lowest Risk)",,,TW11 9BG,"['https://www.snellers.com/Images/Properties/1012/Brochure/2-4 Udney Park Road, Teddington.pdf']",Snellers,,,,,,,Freehold,,2026-02-19,New
https://www.snellers.com/property/Mitre-House-Canbury-Park-Road-Kingston-upon-Thames-Surrey-KT2-6LZ?Location=&QueryLocation=&Type=&QueryType=&Tenure=&QueryTenure=&MinSize=&MaxSize=,"Mitre House, Canbury Park Road, Kingston upon Thames, KT2 6LZ",,Office,"['https://www.snellers.com/Images/Properties/1255/Resize/1-MH-Front-Exterior-IW-090423-GKA-025.jpg', 'https://www.snellers.com/Images/Properties/1255/Resize/2-MH-Rear-Exterior-IW-090423-GKA-038.jpg', 'https://www.snellers.com/Images/Properties/1255/Resize/5-MH-OfficeSpace2-IW-090423-GKA-140.jpg', 'https://www.snellers.com/Images/Properties/1255/Resize/6-MH-OfficeSpace4-IW-090423-GKA-135.jpg', 'https://www.snellers.com/Images/Properties/1255/Resize/7-MH-OfficeSpace3-IW-090423-GKA-148.jpg', 'https://www.snellers.com/Images/Properties/1255/Resize/8-MH-OfficeSpace-IW-090423-GKA-108.jpg', 'https://www.snellers.com/Images/Properties/1255/Resize/9-MH-OfficeSpace1-IW-090423-GKA-106.jpg', 'https://www.snellers.com/Images/Properties/1255/Resize/10-MH-Office-IW-090423-GKA-086.jpg']","The available accommodation comprises part ground and first floors and the entire second floor. The space is fitted out to a good standard with some data cabling in place, so could offer plug & play opportunities. Car parking is available beneath the building together with a large number of additional spaces available on separate licences in the adjacent multi-storey car park.",5381.0,,KT2 6LZ,['https://www.snellers.com/Images/Properties/1255/Brochure/mitre_v6.pdf'],Snellers,,,,,,,,To Let,2026-02-19,New
https://www.snellers.com/property/Oak-Mews-14A-Park-Road-Kingston-upon-Thames-Surrey-KT2-6FL?Location=&QueryLocation=&Type=&QueryType=&Tenure=&QueryTenure=&MinSize=&MaxSize=,"Oak Mews, 14A Park Road, Kingston upon Thames, KT2 6FL",400,Office,"['https://www.snellers.com/Images/Properties/1249/Resize/1-OakMewsKingstonKT26FL-2.jpg', 'https://www.snellers.com/Images/Properties/1249/Resize/2-OakMewsKingstonKT26FL-7.jpg', 'https://www.snellers.com/Images/Properties/1249/Resize/3-OakMewsKingstonKT26FL-14.jpg', 'https://www.snellers.com/Images/Properties/1249/Resize/6-OakMewsKingstonKT26FL-28.jpg', 'https://www.snellers.com/Images/Properties/1249/Resize/7-OakMewsKingstonKT26FL-24.jpg', 'https://www.snellers.com/Images/Properties/1249/Resize/8-OakMewsKingstonKT26FL-9.jpg', 'https://www.snellers.com/Images/Properties/1249/Resize/7-OakMewsKingstonKT26FL-24.jpg', 'https://www.snellers.com/Images/Properties/1249/Resize/8-OakMewsKingstonKT26FL-9.jpg']","Oak Mews offers ground floor, open plan office accommodation with potential for a wide variety of alternative employment uses including sales, Medical Clinic, light assembly and storage, subject to planning permission. Available as a whole or can be split into three individual units.",1184.0,,KT2 6FL,"['https://www.snellers.com/Images/Properties/1249/Brochure/Oak Mews, Kingston.pdf']",Snellers,,,,,,,,For Sale,2026-02-19,New
https://www.snellers.com/property/64-Wellington-Road-Hampton-Hill-TW12-1JT1?Location=&QueryLocation=&Type=&QueryType=&Tenure=&QueryTenure=&MinSize=&MaxSize=,"64 Wellington Road, Hampton Hill, TW12 1JT",,Office,['https://www.snellers.com/Images/Properties/1179/Resize/CIMG1797.jpg'],The offices are located on the first floor with shared use of WC and kitchen facilities.,81.0,,TW12 1JT,[],Snellers,,,,,,,,To Let,2026-02-19,New
https://www.snellers.com/property/Causeway-House-13-The-Causeway-Teddington-Middlesex-TW11-0JR1?Location=&QueryLocation=&Type=&QueryType=&Tenure=&QueryTenure=&MinSize=&MaxSize=,"Causeway House, 13 The Causeway, Teddington, TW11 0JR",,Office,"['https://www.snellers.com/Images/Properties/1061/Resize/Spaces-Teddington-1.jpg', 'https://www.snellers.com/Images/Properties/1061/Resize/Spaces-Teddington-3.jpg', 'https://www.snellers.com/Images/Properties/1061/Resize/Spaces-Teddington-2.jpg']","An imaginatively
designed environment containing everything you’ll need – from private offices
to private corners for vetting potential employees. There are meeting rooms
bookable per hour too, all with secure Wi-Fi.",43.0,,TW11 0JR,[],Snellers,,,,,,,,To Let,2026-02-19,New
